date,youtube_trend_title
2020-10-29,들레의
2020-10-29,사춘기
2020-10-29,총몇명
2020-10-29,단편
2020-10-29,KDA
2020-10-29,MORE
2020-10-29,ft
2020-10-29,여자아이들
2020-10-29,Madison
2020-10-29,Beer
2020-10-29,Lexie
2020-10-29,Liu
2020-10-29,Jaira
2020-10-29,Burns
2020-10-29,세라핀
2020-10-29,공식
2020-10-29,뮤직비디오
2020-10-29,이건희
2020-10-29,회장
2020-10-29,영면이재용
2020-10-29,넋
2020-10-29,잃고
2020-10-29,이부진
2020-10-29,흐느끼며
2020-10-29,휘청
2020-10-29,연합뉴스
2020-10-29,Yonhapnews
2020-10-29,욕지도3
2020-10-29,TWICE트와이스
2020-10-29,I
2020-10-29,CANT
2020-10-29,STOP
2020-10-29,ME
2020-10-29,MV
2020-10-29,치요남
2020-10-29,본사
2020-10-29,찾아갔습니다
2020-10-29,뒷광고이후
2020-10-29,욕설만48만개
2020-10-29,댓글보기가
2020-10-29,두렵습니다
2020-10-29,충격고백갤럭시에서
2020-10-29,갈아탈까
2020-10-29,애플
2020-10-29,iPhone
2020-10-29,12
2020-10-29,Pro
2020-10-29,언빡싱
2020-10-29,u0026
2020-10-29,11
2020-10-29,Pro
2020-10-29,와
2020-10-29,달라진점
2020-10-29,6가지
2020-10-29,살펴보기
2020-10-29,쏜
2020-10-29,번리전
2020-10-29,현지해설“쏜
2020-10-29,이번시즌
2020-10-29,정말
2020-10-29,어마
2020-10-29,무시하네요”SPORTSTIME
2020-10-29,MV
2020-10-29,REFUND
2020-10-29,SISTERS환불원정대
2020-10-29,DONT
2020-10-29,TOUCH
2020-10-29,ME
2020-10-29,오랜만이네요
2020-10-29,보겸입니다
2020-10-29,♨️핫클립♨️
2020-10-29,히든싱어
2020-10-29,장범준
2020-10-29,편
2020-10-29,＂탈락하면
2020-10-29,은퇴하겠습니다＂
2020-10-29,스포
2020-10-29,보고
2020-10-29,무대
2020-10-29,봐도
2020-10-29,다
2020-10-29,틀리는
2020-10-29,무대
2020-10-29,☞흔꽃샴푸♬｜히든싱어6
2020-10-29,BE
2020-10-29,ORIGINAL
2020-10-29,TWICE트와이스
2020-10-29,I
2020-10-29,CANT
2020-10-29,STOP
2020-10-29,ME
2020-10-29,4K
2020-10-29,욕지도2
2020-10-29,임영웅
2020-10-29,시상식
2020-10-29,무대에서
2020-10-29,초롱
2020-10-29,초롱
2020-10-29,빛나는
2020-10-29,히어로
2020-10-29,포커스
2020-10-29,영상
2020-10-29,대한민국
2020-10-29,대중문화예술상
2020-10-29,문체부
2020-10-29,장관상
2020-10-29,수상
2020-10-29,aespa
2020-10-29,에스파
2020-10-29,MY
2020-10-29,KARINA’
2020-10-29,“백두산
2020-10-29,호랑이
2020-10-29,곰까지
2020-10-29,잡아먹어”민가
2020-10-29,출몰
2020-10-29,잦아
2020-10-29,KBS뉴스News
2020-10-29,이번엔
2020-10-29,거짓말
2020-10-29,아닙니다드디어
2020-10-29,고은아가
2020-10-29,다이어트에
2020-10-29,성공
2020-10-29,했습니다
2020-10-29,ENG
2020-10-29,🍚
2020-10-29,EP14
2020-10-29,투모로우바이투게더TXT
2020-10-29,팅글
2020-10-29,작렬하는
2020-10-29,크리스피
2020-10-29,통오겹살에
2020-10-29,10월
2020-10-29,한정
2020-10-29,자연산
2020-10-29,송이버섯
2020-10-29,쌈싸먹는
2020-10-29,FLEX
2020-10-29,먹방
2020-10-29,초일류
2020-10-29,삼성
2020-10-29,만든
2020-10-29,이건희
2020-10-29,회장
2020-10-29,발인
2020-10-29,연합뉴스
2020-10-29,Yonhapnews
2020-10-29,TWICE
2020-10-29,Special
2020-10-29,Live
2020-10-29,Replay
2020-10-29,“I
2020-10-29,CAN’T
2020-10-29,STOP
2020-10-29,ME”
2020-10-29,잠시만
2020-10-29,안녕
2020-10-29,김호중
2020-10-29,군복무전
2020-10-29,마지막
2020-10-29,무대
2020-10-29,＜배웅＞ㅣ김호중의파트너
2020-10-29,EP5
2020-10-29,혼인신고도
2020-10-29,안
2020-10-29,해주고
2020-10-29,떠나라는
2020-10-29,21살
2020-10-29,연상의
2020-10-29,남편
2020-10-29,참다
2020-10-29,참다
2020-10-29,폭발해버린
2020-10-29,선녀보살🤬
2020-10-29,무엇이든
2020-10-29,물어보살
2020-10-29,전소민양세찬럽라5
2020-10-29,세븐틴
2020-10-29,INTROHOMERUN
2020-10-29,2020
2020-10-29,대한민국
2020-10-29,대중문화예술상
2020-10-29,짤툰
2020-10-29,오리지널
2020-10-29,사이버렉카
2020-10-29,구미호🦊이동욱은
2020-10-29,민초단
2020-10-29,반달곰🐻이규형은
2020-10-29,마카롱을
2020-10-29,좋아해
2020-10-29,하찮고
2020-10-29,인간적인
2020-10-29,저
2020-10-29,세상
2020-10-29,취향
2020-10-29,모음zip
2020-10-29,구미호뎐
2020-10-29,TALE
2020-10-29,OF
2020-10-29,THE
2020-10-29,NINE
2020-10-29,TAILED
2020-10-29,EP6
2020-10-29,💚알타리
2020-10-29,총각김치💚쉽고
2020-10-29,맛있게소금으로만
2020-10-29,절이지
2020-10-29,마세요
2020-10-29,작은
2020-10-29,게
2020-10-29,맛있어요
2020-10-29,고기의
2020-10-29,끝
2020-10-29,아르헨티나
2020-10-29,아사도
2020-10-29,You
2020-10-29,Really
2020-10-29,Got
2020-10-29,Me
2020-10-29,시네마틱
2020-10-29,트레일러
2020-10-29,리그
2020-10-29,오브
2020-10-29,레전드
2020-10-29,와일드
2020-10-29,리프트
2020-10-29,ft
2020-10-29,2WEI
2020-10-29,꼬리
2020-10-29,숨기는
2020-10-29,것도
2020-10-29,종종
2020-10-29,까먹는
2020-10-29,야생여우
2020-10-29,김용지
2020-10-29,모음zip
2020-10-29,최애
2020-10-29,이랑
2020-10-29,말이라면
2020-10-29,뭐든지
2020-10-29,다
2020-10-29,하는
2020-10-29,울
2020-10-29,여우ㅠ
2020-10-29,매력있어
2020-10-29,구미호뎐
2020-10-29,ing
2020-10-29,SUB
2020-10-29,쏟아지는
2020-10-29,매력에
2020-10-29,정신
2020-10-29,못
2020-10-29,차림
2020-10-29,세븐틴
2020-10-29,조슈아
2020-10-29,준
2020-10-29,호시
2020-10-29,도겸
2020-10-29,입덕각zip
2020-10-29,Mission
2020-10-29,Ellepossible
2020-10-29,with
2020-10-29,SEVENTEEN
2020-10-29,I
2020-10-29,ELLE
2020-10-29,KOREA
2020-10-29,I
2020-10-29,CANT
2020-10-29,STOP
2020-10-29,ME
2020-10-29,LONG
2020-10-29,1편
2020-10-29,MMORPG의
2020-10-29,쇠락과
2020-10-29,정액제의
2020-10-29,몰락은
2020-10-29,예정된
2020-10-29,것이었다
2020-10-29,최초공개
2020-10-29,TXT
2020-10-29,투모로우바이투게더
2020-10-29,5시
2020-10-29,53분의
2020-10-29,하늘에서
2020-10-29,발견한
2020-10-29,너와
2020-10-29,나
2020-10-29,Dance
2020-10-29,Break
2020-10-29,Ver
2020-10-29,TOMORROW
2020-10-29,X
2020-10-29,TOGETHER
2020-10-29,COMEBACKSHOW
2020-10-29,TXT
2020-10-29,투모로우바이투게더
2020-10-29,5시
2020-10-29,53분의
2020-10-29,하늘에서
2020-10-29,발견한
2020-10-29,너와
2020-10-29,나
2020-10-29,Official
2020-10-29,MV
2020-10-29,망태
2020-10-29,할아버지
2020-10-29,욕지도1
2020-10-29,손흥민
2020-10-29,번리전
2020-10-29,헤딩골
2020-10-29,36만
2020-10-29,팔로워
2020-10-29,축구페이지
2020-10-29,운영자와
2020-10-29,모태
2020-10-29,토트넘
2020-10-29,팬의
2020-10-29,손흥민
2020-10-29,득점
2020-10-29,전후
2020-10-29,반응
2020-10-29,English
2020-10-29,guys
2020-10-29,reactions
2020-10-29,about
2020-10-29,Sons
2020-10-29,header
2020-10-29,아이폰12
2020-10-29,12
2020-10-29,Pro
2020-10-29,국내판
2020-10-29,입수
2020-10-29,차이점
2020-10-29,비교
2020-10-29,총정리
2020-10-29,애플에서
2020-10-29,빌려옴
2020-10-29,너
2020-10-29,나하고
2020-10-29,일
2020-10-29,하나
2020-10-29,같이
2020-10-29,하자
2020-10-29,l
2020-10-29,피패남
2020-10-29,1화
2020-10-29,l
2020-10-29,피파온라인4
2020-10-29,l
2020-10-29,피파4
2020-10-29,시원한
2020-10-29,동치미
2020-10-29,담그는법
2020-10-29,아삭하고
2020-10-29,오래먹을
2020-10-29,수
2020-10-29,있는
2020-10-29,동치미
2020-10-29,만들기
2020-10-29,신뢰
2020-10-29,저버린
2020-10-29,타이어은행
2020-10-29,사건
2020-10-29,정비사로서
2020-10-29,박병일
2020-10-29,명장이
2020-10-29,전하는
2020-10-29,입장
2020-10-29,Feat휠
2020-10-29,고의훼손
2020-10-29,원리
2020-10-29,다리를
2020-10-29,다친
2020-10-29,강아지가
2020-10-29,수의사
2020-10-29,선생님을
2020-10-29,보자
2020-10-29,갑자기
2020-10-29,잘
2020-10-29,걸어요ㅋㅋㅋ
2020-10-29,선배들
2020-10-29,앞에서
2020-10-29,막내
2020-10-29,이강인이
2020-10-29,보여준
2020-10-29,패기
2020-10-29,ㅋㅋㅋ
2020-10-29,야전삽님
2020-10-29,컴퓨터
2020-10-29,수리하러갔다가
2020-10-29,머리
2020-10-29,깨질뻔했습니다
2020-10-29,💚동치미💚쉽고간단
2020-10-29,맛있게
2020-10-29,무를
2020-10-29,제발
2020-10-29,절이지
2020-10-29,마세요
2020-10-29,감스트
2020-10-29,3대
2020-10-29,썁레전드ㅋㅋㅋㅋㅋㅋㅋㅋㅋ
2020-10-29,미국인이
2020-10-29,한국에서
2020-10-29,직접
2020-10-29,촬영한
2020-10-29,사진
2020-10-29,때문에
2020-10-29,가족들이
2020-10-29,난리난
2020-10-29,이유
2020-10-29,물웅덩이에
2020-10-29,그
2020-10-29,비싼
2020-10-29,돌돔이
2020-10-29,우글우글
2020-10-29,최근
2020-10-29,인기
2020-10-29,동영상
2020-10-29,Eng
2020-10-29,sub
2020-10-29,환불원정대
2020-10-29,환불원정대
2020-10-29,쇼
2020-10-29,음악중심
2020-10-29,데뷔
2020-10-29,무대
2020-10-29,Hangout
2020-10-29,with
2020-10-29,Yoo
2020-10-29,refund
2020-10-29,sisters
2020-10-29,꼬꼬무
2020-10-29,5회
2020-10-29,요약
2020-10-29,＂더
2020-10-29,죽이지
2020-10-29,못해
2020-10-29,한일
2020-10-29,뿐＂
2020-10-29,살인공장
2020-10-29,지존파
2020-10-29,그들은
2020-10-29,누구
2020-10-29,꼬리에
2020-10-29,꼬리를
2020-10-29,무는
2020-10-29,그날
2020-10-29,이야기
2020-10-29,런닝맨
2020-10-29,레전드
2020-10-29,3년
2020-10-29,만의
2020-10-29,완전체
2020-10-29,출격
2020-10-29,레전드
2020-10-29,찍은
2020-10-29,블랙핑크
2020-10-29,RunningMan
2020-10-29,BlackPink
2020-10-29,Special
2020-10-29,SBS
2020-10-29,NOW
2020-10-29,면도기왕
2020-10-29,만나서
2020-10-29,네고해왔습니다
2020-10-29,네고왕
2020-10-29,Ep9
2020-10-29,노래방
2020-10-29,나훈아
2020-10-29,테스형ㅣ2020
2020-10-29,신곡
2020-10-29,아홉
2020-10-29,이야기
2020-10-29,깻잎통
2020-10-29,부활
2020-10-29,아이폰
2020-10-29,12
2020-10-29,u0026
2020-10-29,12
2020-10-29,프로
2020-10-29,개봉기
2020-10-29,4K
2020-10-29,장민호
2020-10-29,정동원에게
2020-10-29,아픈
2020-10-29,몸을
2020-10-29,이끌고
2020-10-29,갑자기
2020-10-29,찾아간
2020-10-29,진짜
2020-10-29,이유
2020-10-29,환불원정대
2020-10-29,Dont
2020-10-29,touch
2020-10-29,me
2020-10-29,안무영상
2020-10-29,By
2020-10-29,AIKI
2020-10-29,힘든
2020-10-29,건
2020-10-29,사랑이
2020-10-29,아니다
2020-10-29,Love
2020-10-29,should
2020-10-29,not
2020-10-29,be
2020-10-29,harsh
2020-10-29,on
2020-10-29,you
2020-10-29,한국형
2020-10-29,GPS
2020-10-29,시대가
2020-10-29,온다
2020-10-29,다큐S프라임
2020-10-29,YTN
2020-10-29,사이언스
2020-10-29,cant
2020-10-29,sleep
2020-10-29,잠이
2020-10-29,오질
2020-10-29,않네요
2020-10-29,슈퍼맨이
2020-10-29,돌아왔다
2020-10-29,353회
2020-10-29,티저
2020-10-29,도플갱어네
2020-10-29,터질게
2020-10-29,터지는
2020-10-29,연예인과
2020-10-29,까도
2020-10-29,까도
2020-10-29,미담만
2020-10-29,나오는
2020-10-29,연예인의
2020-10-29,차이
2020-10-29,놀면
2020-10-29,뭐하니
2020-10-29,화제의
2020-10-29,그
2020-10-29,노래
2020-10-29,환불원정대의
2020-10-29,DONT
2020-10-29,TOUCH
2020-10-29,ME
2020-10-29,녹음실
2020-10-29,현장
2020-10-29,공개
2020-10-29,🎤ㅣ엠뚜루마뚜루
2020-10-29,잼모아
2020-10-29,엠돌핀
2020-10-29,이거
2020-10-29,다
2020-10-29,장난질인거
2020-10-29,아시죠
2020-10-29,현대차
2020-10-29,가격인상
2020-10-29,좀
2020-10-29,하려하자
2020-10-29,수입차가
2020-10-29,작심하고
2020-10-29,벌인
2020-10-29,놀라운
2020-10-29,짓에
2020-10-29,소비자가
2020-10-29,충격받은
2020-10-29,이유
2020-10-29,동네아줌마들도
2020-10-29,이제
2020-10-29,독일차타고
2020-10-29,다니는
2020-10-29,시대가
2020-10-29,왔습니다
2020-10-29,TWICE트와이스
2020-10-29,I
2020-10-29,CANT
2020-10-29,STOP
2020-10-29,ME
2020-10-29,MV
2020-10-29,Platform
2020-10-29,Teaser
2020-10-29,LEE
2020-10-29,SUHYUN
2020-10-29,ALIEN’
2020-10-29,MV
2020-10-29,하이라이트스며들었다
2020-10-29,채연
2020-10-29,노래
2020-10-29,아주
2020-10-29,막
2020-10-29,파고드는
2020-10-29,사이코러스
2020-10-29,ㅋㅋㅋㅋㅋㅋㅋㅋ코미디빅리그
2020-10-29,Comedy
2020-10-29,Big
2020-10-29,League
2020-10-29,EP381
2020-10-29,Dingga
2020-10-29,딩가딩가
2020-10-29,Dingga
2020-10-29,EP103돌발상황심야신당
2020-10-29,점사
2020-10-29,도중
2020-10-29,대폭발해버린
2020-10-29,개그맨
2020-10-29,김기수
2020-10-29,어떤
2020-10-29,일이
2020-10-29,있었던
2020-10-29,것일까
2020-10-29,24시간동안
2020-10-29,좁게
2020-10-29,살기
2020-10-29,VS
2020-10-29,넓게
2020-10-29,살기
2020-10-29,넓은
2020-10-29,게
2020-10-29,더
2020-10-29,편할까
2020-10-29,어몽어스
2020-10-29,에어팟
2020-10-29,만들기
2020-10-29,아이폰12
2020-10-29,전색상
2020-10-29,매장핸즈온
2020-10-29,색상고민
2020-10-29,끝
2020-10-29,iphone12
2020-10-29,all
2020-10-29,color
2020-10-29,review
2020-10-29,환불원정대
2020-10-29,Dont
2020-10-29,touch
2020-10-29,me
2020-10-29,La
2020-10-29,Chica
2020-10-29,시안
2020-10-29,demo
2020-10-29,IQ
2020-10-29,156
2020-10-29,큐브
2020-10-29,챔피언보다
2020-10-29,큐브를
2020-10-29,더
2020-10-29,빨리
2020-10-29,맞춰
2020-10-29,이겨보라고
2020-10-29,멘사
2020-10-29,회원
2020-10-29,출신
2020-10-29,챔피언과의
2020-10-29,격차를
2020-10-29,마술로
2020-10-29,줄이는
2020-10-29,법
2020-10-29,니키
2020-10-29,감자조림을
2020-10-29,맛있게하는
2020-10-29,222법칙
2020-10-29,이렇게
2020-10-29,만들면
2020-10-29,밥반찬
2020-10-29,걱정끝
2020-10-29,인기
2020-10-29,YouTube
2020-10-29,TV
2020-10-29,YouTube
2020-10-29,Music
2020-10-29,YouTube
2020-10-29,Kids
2020-10-29,크리에이터
2020-10-29,아카데미
2020-10-29,YouTube
2020-10-29,for
2020-10-29,Artists
2020-10-29,단축키
2020-10-29,재생
2020-10-29,일반
2020-10-29,자막
2020-10-29,360도
2020-10-29,동영상
2020-10-29,들레의
2020-10-29,사춘기
2020-10-29,총몇명
2020-10-29,단편
2020-10-29,KDA
2020-10-29,MORE
2020-10-29,ft
2020-10-29,여자아이들
2020-10-29,Madison
2020-10-29,Beer
2020-10-29,Lexie
2020-10-29,Liu
2020-10-29,Jaira
2020-10-29,Burns
2020-10-29,세라핀
2020-10-29,공식
2020-10-29,뮤직비디오
2020-10-29,이건희
2020-10-29,회장
2020-10-29,영면이재용
2020-10-29,넋
2020-10-29,잃고
2020-10-29,이부진
2020-10-29,흐느끼며
2020-10-29,휘청
2020-10-29,연합뉴스
2020-10-29,Yonhapnews
2020-10-29,욕지도3
2020-10-29,TWICE트와이스
2020-10-29,I
2020-10-29,CANT
2020-10-29,STOP
2020-10-29,ME
2020-10-29,MV
2020-10-29,뒷광고이후
2020-10-29,욕설만48만개
2020-10-29,댓글보기가
2020-10-29,두렵습니다
2020-10-29,치요남
2020-10-29,본사
2020-10-29,찾아갔습니다
2020-10-29,충격고백갤럭시에서
2020-10-29,갈아탈까
2020-10-29,애플
2020-10-29,iPhone
2020-10-29,12
2020-10-29,Pro
2020-10-29,언빡싱
2020-10-29,u0026
2020-10-29,11
2020-10-29,Pro
2020-10-29,와
2020-10-29,달라진점
2020-10-29,6가지
2020-10-29,살펴보기
2020-10-29,MV
2020-10-29,REFUND
2020-10-29,SISTERS환불원정대
2020-10-29,DONT
2020-10-29,TOUCH
2020-10-29,ME
2020-10-29,쏜
2020-10-29,번리전
2020-10-29,현지해설“쏜
2020-10-29,이번시즌
2020-10-29,정말
2020-10-29,어마
2020-10-29,무시하네요”SPORTSTIME
2020-10-29,故
2020-10-29,이건희
2020-10-29,회장
2020-10-29,영결식오열하다
2020-10-29,휘청’한
2020-10-29,이부진
2020-10-29,오랜만이네요
2020-10-29,보겸입니다
2020-10-29,♨️핫클립♨️
2020-10-29,히든싱어
2020-10-29,장범준
2020-10-29,편
2020-10-29,＂탈락하면
2020-10-29,은퇴하겠습니다＂
2020-10-29,스포
2020-10-29,보고
2020-10-29,무대
2020-10-29,봐도
2020-10-29,다
2020-10-29,틀리는
2020-10-29,무대
2020-10-29,☞흔꽃샴푸♬｜히든싱어6
2020-10-29,BE
2020-10-29,ORIGINAL
2020-10-29,TWICE트와이스
2020-10-29,I
2020-10-29,CANT
2020-10-29,STOP
2020-10-29,ME
2020-10-29,4K
2020-10-29,이슈워치
2020-10-29,이건희
2020-10-29,회장
2020-10-29,수원서
2020-10-29,영면조용한
2020-10-29,가족장
2020-10-29,마무리
2020-10-29,연합뉴스TV
2020-10-29,YonhapnewsTV
2020-10-29,임영웅
2020-10-29,시상식
2020-10-29,무대에서
2020-10-29,초롱
2020-10-29,초롱
2020-10-29,빛나는
2020-10-29,히어로
2020-10-29,포커스
2020-10-29,영상
2020-10-29,대한민국
2020-10-29,대중문화예술상
2020-10-29,문체부
2020-10-29,장관상
2020-10-29,수상
2020-10-29,aespa
2020-10-29,에스파
2020-10-29,MY
2020-10-29,KARINA’
2020-10-29,욕지도2
2020-10-29,이건희
2020-10-29,회장
2020-10-29,마지막
2020-10-29,출근
2020-10-29,길
2020-10-29,이부진
2020-10-29,몸
2020-10-29,가누지
2020-10-29,못하며
2020-10-29,눈물이재용이
2020-10-29,부축
2020-10-29,ENG
2020-10-29,🍚
2020-10-29,EP14
2020-10-29,투모로우바이투게더TXT
2020-10-29,팅글
2020-10-29,작렬하는
2020-10-29,크리스피
2020-10-29,통오겹살에
2020-10-29,10월
2020-10-29,한정
2020-10-29,자연산
2020-10-29,송이버섯
2020-10-29,쌈싸먹는
2020-10-29,FLEX
2020-10-29,먹방
2020-10-29,“백두산
2020-10-29,호랑이
2020-10-29,곰까지
2020-10-29,잡아먹어”민가
2020-10-29,출몰
2020-10-29,잦아
2020-10-29,KBS뉴스News
2020-10-29,이번엔
2020-10-29,거짓말
2020-10-29,아닙니다드디어
2020-10-29,고은아가
2020-10-29,다이어트에
2020-10-29,성공
2020-10-29,했습니다
2020-10-29,TWICE
2020-10-29,Special
2020-10-29,Live
2020-10-29,Replay
2020-10-29,“I
2020-10-29,CAN’T
2020-10-29,STOP
2020-10-29,ME”
2020-10-29,초일류
2020-10-29,삼성
2020-10-29,만든
2020-10-29,이건희
2020-10-29,회장
2020-10-29,발인
2020-10-29,연합뉴스
2020-10-29,Yonhapnews
2020-10-29,잠시만
2020-10-29,안녕
2020-10-29,김호중
2020-10-29,군복무전
2020-10-29,마지막
2020-10-29,무대
2020-10-29,＜배웅＞ㅣ김호중의파트너
2020-10-29,EP5
2020-10-29,혼인신고도
2020-10-29,안
2020-10-29,해주고
2020-10-29,떠나라는
2020-10-29,21살
2020-10-29,연상의
2020-10-29,남편
2020-10-29,참다
2020-10-29,참다
2020-10-29,폭발해버린
2020-10-29,선녀보살🤬
2020-10-29,무엇이든
2020-10-29,물어보살
2020-10-29,세븐틴
2020-10-29,INTROHOMERUN
2020-10-29,2020
2020-10-29,대한민국
2020-10-29,대중문화예술상
2020-10-29,전소민양세찬럽라5
2020-10-29,짤툰
2020-10-29,오리지널
2020-10-29,사이버렉카
2020-10-29,💚알타리
2020-10-29,총각김치💚쉽고
2020-10-29,맛있게소금으로만
2020-10-29,절이지
2020-10-29,마세요
2020-10-29,작은
2020-10-29,게
2020-10-29,맛있어요
2020-10-29,구미호🦊이동욱은
2020-10-29,민초단
2020-10-29,반달곰🐻이규형은
2020-10-29,마카롱을
2020-10-29,좋아해
2020-10-29,하찮고
2020-10-29,인간적인
2020-10-29,저
2020-10-29,세상
2020-10-29,취향
2020-10-29,모음zip
2020-10-29,구미호뎐
2020-10-29,TALE
2020-10-29,OF
2020-10-29,THE
2020-10-29,NINE
2020-10-29,TAILED
2020-10-29,EP6
2020-10-29,아이폰12
2020-10-29,12
2020-10-29,Pro
2020-10-29,국내판
2020-10-29,입수
2020-10-29,차이점
2020-10-29,비교
2020-10-29,총정리
2020-10-29,애플에서
2020-10-29,빌려옴
2020-10-29,고기의
2020-10-29,끝
2020-10-29,아르헨티나
2020-10-29,아사도
2020-10-29,You
2020-10-29,Really
2020-10-29,Got
2020-10-29,Me
2020-10-29,시네마틱
2020-10-29,트레일러
2020-10-29,리그
2020-10-29,오브
2020-10-29,레전드
2020-10-29,와일드
2020-10-29,리프트
2020-10-29,ft
2020-10-29,2WEI
2020-10-29,광끼
2020-10-29,타이어뱅크
2020-10-29,휠
2020-10-29,훼손
2020-10-29,사건
2020-10-29,전말
2020-10-29,완벽
2020-10-29,이해
2020-10-29,제보가
2020-10-29,이어지고
2020-10-29,있습니다
2020-10-29,SUB
2020-10-29,쏟아지는
2020-10-29,매력에
2020-10-29,정신
2020-10-29,못
2020-10-29,차림
2020-10-29,세븐틴
2020-10-29,조슈아
2020-10-29,준
2020-10-29,호시
2020-10-29,도겸
2020-10-29,입덕각zip
2020-10-29,Mission
2020-10-29,Ellepossible
2020-10-29,with
2020-10-29,SEVENTEEN
2020-10-29,I
2020-10-29,ELLE
2020-10-29,KOREA
2020-10-29,I
2020-10-29,CANT
2020-10-29,STOP
2020-10-29,ME
2020-10-29,LONG
2020-10-29,1편
2020-10-29,MMORPG의
2020-10-29,쇠락과
2020-10-29,정액제의
2020-10-29,몰락은
2020-10-29,예정된
2020-10-29,것이었다
2020-10-29,망태
2020-10-29,할아버지
2020-10-29,장면분석
2020-10-29,케인과
2020-10-29,손흥민이
2020-10-29,만든
2020-10-29,번리전
2020-10-29,골이
2020-10-29,진짜
2020-10-29,미쳤던
2020-10-29,이유
2020-10-29,달수네
2020-10-29,라이브
2020-10-29,욕지도1
2020-10-29,가사가
2020-10-29,듣다
2020-10-29,보니
2020-10-29,내
2020-10-29,얘기잖아
2020-10-29,미녀손님
2020-10-29,노래로
2020-10-29,꼬시기
2020-10-29,결과는ㅣ하비
2020-10-29,무선마이크
2020-10-29,몰카
2020-10-29,feat팀
2020-10-29,사랑합니다
2020-10-29,손흥민
2020-10-29,번리전
2020-10-29,헤딩골
2020-10-29,36만
2020-10-29,팔로워
2020-10-29,축구페이지
2020-10-29,운영자와
2020-10-29,모태
2020-10-29,토트넘
2020-10-29,팬의
2020-10-29,손흥민
2020-10-29,득점
2020-10-29,전후
2020-10-29,반응
2020-10-29,English
2020-10-29,guys
2020-10-29,reactions
2020-10-29,about
2020-10-29,Sons
2020-10-29,header
2020-10-29,다리를
2020-10-29,다친
2020-10-29,강아지가
2020-10-29,수의사
2020-10-29,선생님을
2020-10-29,보자
2020-10-29,갑자기
2020-10-29,잘
2020-10-29,걸어요ㅋㅋㅋ
2020-10-29,시원한
2020-10-29,동치미
2020-10-29,담그는법
2020-10-29,아삭하고
2020-10-29,오래먹을
2020-10-29,수
2020-10-29,있는
2020-10-29,동치미
2020-10-29,만들기
2020-10-29,신뢰
2020-10-29,저버린
2020-10-29,타이어은행
2020-10-29,사건
2020-10-29,정비사로서
2020-10-29,박병일
2020-10-29,명장이
2020-10-29,전하는
2020-10-29,입장
2020-10-29,Feat휠
2020-10-29,고의훼손
2020-10-29,원리
2020-10-29,선배들
2020-10-29,앞에서
2020-10-29,막내
2020-10-29,이강인이
2020-10-29,보여준
2020-10-29,패기
2020-10-29,ㅋㅋㅋ
2020-10-29,NASA는
2020-10-29,달에서
2020-10-29,매우
2020-10-29,흥미로운
2020-10-29,것이
2020-10-29,발견되었다고
2020-10-29,긴급
2020-10-29,발표했습니다
2020-10-29,야전삽님
2020-10-29,컴퓨터
2020-10-29,수리하러갔다가
2020-10-29,머리
2020-10-29,깨질뻔했습니다
2020-10-29,💚동치미💚쉽고간단
2020-10-29,맛있게
2020-10-29,무를
2020-10-29,제발
2020-10-29,절이지
2020-10-29,마세요
2020-10-29,최근
2020-10-29,인기
2020-10-29,동영상
2020-10-29,Eng
2020-10-29,sub
2020-10-29,환불원정대
2020-10-29,환불원정대
2020-10-29,쇼
2020-10-29,음악중심
2020-10-29,데뷔
2020-10-29,무대
2020-10-29,Hangout
2020-10-29,with
2020-10-29,Yoo
2020-10-29,refund
2020-10-29,sisters
2020-10-29,꼬꼬무
2020-10-29,5회
2020-10-29,요약
2020-10-29,＂더
2020-10-29,죽이지
2020-10-29,못해
2020-10-29,한일
2020-10-29,뿐＂
2020-10-29,살인공장
2020-10-29,지존파
2020-10-29,그들은
2020-10-29,누구
2020-10-29,꼬리에
2020-10-29,꼬리를
2020-10-29,무는
2020-10-29,그날
2020-10-29,이야기
2020-10-29,런닝맨
2020-10-29,레전드
2020-10-29,3년
2020-10-29,만의
2020-10-29,완전체
2020-10-29,출격
2020-10-29,레전드
2020-10-29,찍은
2020-10-29,블랙핑크
2020-10-29,RunningMan
2020-10-29,BlackPink
2020-10-29,Special
2020-10-29,SBS
2020-10-29,NOW
2020-10-29,면도기왕
2020-10-29,만나서
2020-10-29,네고해왔습니다
2020-10-29,네고왕
2020-10-29,Ep9
2020-10-29,노래방
2020-10-29,나훈아
2020-10-29,테스형ㅣ2020
2020-10-29,신곡
2020-10-29,아홉
2020-10-29,이야기
2020-10-29,깻잎통
2020-10-29,부활
2020-10-29,아이폰
2020-10-29,12
2020-10-29,u0026
2020-10-29,12
2020-10-29,프로
2020-10-29,개봉기
2020-10-29,4K
2020-10-29,장민호
2020-10-29,정동원에게
2020-10-29,아픈
2020-10-29,몸을
2020-10-29,이끌고
2020-10-29,갑자기
2020-10-29,찾아간
2020-10-29,진짜
2020-10-29,이유
2020-10-29,환불원정대
2020-10-29,Dont
2020-10-29,touch
2020-10-29,me
2020-10-29,안무영상
2020-10-29,By
2020-10-29,AIKI
2020-10-29,힘든
2020-10-29,건
2020-10-29,사랑이
2020-10-29,아니다
2020-10-29,Love
2020-10-29,should
2020-10-29,not
2020-10-29,be
2020-10-29,harsh
2020-10-29,on
2020-10-29,you
2020-10-29,cant
2020-10-29,sleep
2020-10-29,잠이
2020-10-29,오질
2020-10-29,않네요
2020-10-29,한국형
2020-10-29,GPS
2020-10-29,시대가
2020-10-29,온다
2020-10-29,다큐S프라임
2020-10-29,YTN
2020-10-29,사이언스
2020-10-29,슈퍼맨이
2020-10-29,돌아왔다
2020-10-29,353회
2020-10-29,티저
2020-10-29,도플갱어네
2020-10-29,터질게
2020-10-29,터지는
2020-10-29,연예인과
2020-10-29,까도
2020-10-29,까도
2020-10-29,미담만
2020-10-29,나오는
2020-10-29,연예인의
2020-10-29,차이
2020-10-29,놀면
2020-10-29,뭐하니
2020-10-29,화제의
2020-10-29,그
2020-10-29,노래
2020-10-29,환불원정대의
2020-10-29,DONT
2020-10-29,TOUCH
2020-10-29,ME
2020-10-29,녹음실
2020-10-29,현장
2020-10-29,공개
2020-10-29,🎤ㅣ엠뚜루마뚜루
2020-10-29,잼모아
2020-10-29,엠돌핀
2020-10-29,이거
2020-10-29,다
2020-10-29,장난질인거
2020-10-29,아시죠
2020-10-29,현대차
2020-10-29,가격인상
2020-10-29,좀
2020-10-29,하려하자
2020-10-29,수입차가
2020-10-29,작심하고
2020-10-29,벌인
2020-10-29,놀라운
2020-10-29,짓에
2020-10-29,소비자가
2020-10-29,충격받은
2020-10-29,이유
2020-10-29,동네아줌마들도
2020-10-29,이제
2020-10-29,독일차타고
2020-10-29,다니는
2020-10-29,시대가
2020-10-29,왔습니다
2020-10-29,TXT
2020-10-29,투모로우바이투게더
2020-10-29,5시
2020-10-29,53분의
2020-10-29,하늘에서
2020-10-29,발견한
2020-10-29,너와
2020-10-29,나
2020-10-29,Official
2020-10-29,MV
2020-10-29,꼬리
2020-10-29,숨기는
2020-10-29,것도
2020-10-29,종종
2020-10-29,까먹는
2020-10-29,야생여우
2020-10-29,김용지
2020-10-29,모음zip
2020-10-29,최애
2020-10-29,이랑
2020-10-29,말이라면
2020-10-29,뭐든지
2020-10-29,다
2020-10-29,하는
2020-10-29,울
2020-10-29,여우ㅠ
2020-10-29,매력있어
2020-10-29,구미호뎐
2020-10-29,ing
2020-10-29,LEE
2020-10-29,SUHYUN
2020-10-29,ALIEN’
2020-10-29,MV
2020-10-29,TWICE트와이스
2020-10-29,I
2020-10-29,CANT
2020-10-29,STOP
2020-10-29,ME
2020-10-29,MV
2020-10-29,Platform
2020-10-29,Teaser
2020-10-29,Dingga
2020-10-29,딩가딩가
2020-10-29,Dingga
2020-10-29,하이라이트스며들었다
2020-10-29,채연
2020-10-29,노래
2020-10-29,아주
2020-10-29,막
2020-10-29,파고드는
2020-10-29,사이코러스
2020-10-29,ㅋㅋㅋㅋㅋㅋㅋㅋ코미디빅리그
2020-10-29,Comedy
2020-10-29,Big
2020-10-29,League
2020-10-29,EP381
2020-10-29,EP103돌발상황심야신당
2020-10-29,점사
2020-10-29,도중
2020-10-29,대폭발해버린
2020-10-29,개그맨
2020-10-29,김기수
2020-10-29,어떤
2020-10-29,일이
2020-10-29,있었던
2020-10-29,것일까
2020-10-29,24시간동안
2020-10-29,좁게
2020-10-29,살기
2020-10-29,VS
2020-10-29,넓게
2020-10-29,살기
2020-10-29,넓은
2020-10-29,게
2020-10-29,더
2020-10-29,편할까
2020-10-29,어몽어스
2020-10-29,에어팟
2020-10-29,만들기
2020-10-29,환불원정대
2020-10-29,Dont
2020-10-29,touch
2020-10-29,me
2020-10-29,La
2020-10-29,Chica
2020-10-29,시안
2020-10-29,demo
2020-10-29,아이폰12
2020-10-29,전색상
2020-10-29,매장핸즈온
2020-10-29,색상고민
2020-10-29,끝
2020-10-29,iphone12
2020-10-29,all
2020-10-29,color
2020-10-29,review
2020-10-29,감스트
2020-10-29,3대
2020-10-29,썁레전드ㅋㅋㅋㅋㅋㅋㅋㅋㅋ
2020-10-29,IQ
2020-10-29,156
2020-10-29,큐브
2020-10-29,챔피언보다
2020-10-29,큐브를
2020-10-29,더
2020-10-29,빨리
2020-10-29,맞춰
2020-10-29,이겨보라고
2020-10-29,멘사
2020-10-29,회원
2020-10-29,출신
2020-10-29,챔피언과의
2020-10-29,격차를
2020-10-29,마술로
2020-10-29,줄이는
2020-10-29,법
2020-10-29,니키
2020-10-29,감자조림을
2020-10-29,맛있게하는
2020-10-29,222법칙
2020-10-29,이렇게
2020-10-29,만들면
2020-10-29,밥반찬
2020-10-29,걱정끝
2020-10-29,인기
2020-10-29,YouTube
2020-10-29,TV
2020-10-29,YouTube
2020-10-29,Music
2020-10-29,YouTube
2020-10-29,Kids
2020-10-29,크리에이터
2020-10-29,아카데미
2020-10-29,YouTube
2020-10-29,for
2020-10-29,Artists
2020-10-29,단축키
2020-10-29,재생
2020-10-29,일반
2020-10-29,자막
2020-10-29,360도
2020-10-29,동영상
