y_keyword,cdate
Wow,2020-12-22
거니눈맞춤,2020-12-22
하지만,2020-12-22
최고,2020-12-22
체조여신,2020-12-22
있다는,2020-12-22
감독,2020-12-22
이중생활ㅋㅋ,2020-12-22
진실,2020-12-22
ME,2020-12-22
Mukbang,2020-12-22
찾은,2020-12-22
유튜버,2020-12-22
하는,2020-12-22
몰카,2020-12-22
삼각관계의,2020-12-22
Artist,2020-12-22
레전드,2020-12-22
The,2020-12-22
윤석민이,2020-12-22
불닭도,2020-12-22
Carol,2020-12-22
장악한,2020-12-22
버려요,2020-12-22
실검,2020-12-22
옆테이블,2020-12-22
싶었습니다,2020-12-22
다정한,2020-12-22
전설,2020-12-22
vs,2020-12-22
Hojoong,2020-12-22
사랑,2020-12-22
국대,2020-12-22
부부의,2020-12-22
신형,2020-12-22
김희재,2020-12-22
재벌인데사람들은,2020-12-22
연기,2020-12-22
펜트하우스,2020-12-22
TWICE,2020-12-22
대폭락,2020-12-22
ㅋㅋㅋ,2020-12-22
Choreography,2020-12-22
교회,2020-12-22
fivedollar,2020-12-22
정동원,2020-12-22
히밥,2020-12-22
글로벌,2020-12-22
허쉬도,2020-12-22
전에,2020-12-22
정해져,2020-12-22
시금치,2020-12-22
u0026,2020-12-22
사다주는,2020-12-22
요리가,2020-12-22
차박말고,2020-12-22
싸우지도,2020-12-22
물건,2020-12-22
무너뜨린,2020-12-22
2021,2020-12-22
Antenna,2020-12-22
끓여먹었더니,2020-12-22
💥코로나시대,2020-12-22
소장,2020-12-22
막아주길,2020-12-22
넣은,2020-12-22
팔레트,2020-12-22
우리들2020,2020-12-22
Kim,2020-12-22
수호파vs서준파,2020-12-22
갓잡은클립,2020-12-22
시대,2020-12-22
모음,2020-12-22
궁금한,2020-12-22
포토월,2020-12-22
Nessun,2020-12-22
연장맛집,2020-12-22
Of,2020-12-22
다얼어버렸습니다,2020-12-22
가짜신분,2020-12-22
반응이ㅋㅋㅋ코와이네한일커플몰카【ドッキリ】喧嘩中の彼女の前で。一人でラーメンを食べたら、どんな反応するのか,2020-12-22
깨지고,2020-12-22
그녀에게,2020-12-22
댄스,2020-12-22
영화,2020-12-22
가난한,2020-12-22
투자의,2020-12-22
하고,2020-12-22
시즌2,2020-12-22
가장,2020-12-22
국내,2020-12-22
영국코로나,2020-12-22
알고,2020-12-22
Korean,2020-12-22
경력,2020-12-22
호감을,2020-12-22
신봉선,2020-12-22
YStory,2020-12-22
4단계,2020-12-22
새가구,2020-12-22
이유를,2020-12-22
보물상자,2020-12-22
치명적,2020-12-22
꽃도,2020-12-22
보인,2020-12-22
동충하초,2020-12-22
시쳥률,2020-12-22
자세,2020-12-22
역사를,2020-12-22
일찐인지,2020-12-22
라디오스타,2020-12-22
걸음걸이편,2020-12-22
Feat,2020-12-22
마블,2020-12-22
끝난게,2020-12-22
드러누운,2020-12-22
되기까지,2020-12-22
피하기,2020-12-22
2화,2020-12-22
꼰대,2020-12-22
연주로,2020-12-22
잠까지,2020-12-22
통해,2020-12-22
100억으로,2020-12-22
황인엽의,2020-12-22
GIRIBOY,2020-12-22
호빵의,2020-12-22
마주보고,2020-12-22
해외반응,2020-12-22
TVPP,2020-12-22
s4,2020-12-22
500억,2020-12-22
티도,2020-12-22
사람을,2020-12-22
💙사랑의,2020-12-22
SBScatch,2020-12-22
날아다니고ㅋㅋㅋ여자반응더욱김ㅋㅋㅋft아바타소개팅,2020-12-22
패자가,2020-12-22
백신,2020-12-22
유민상,2020-12-22
떠납니다,2020-12-22
재벌,2020-12-22
사건,2020-12-22
SOOJIN수진,2020-12-22
집나간,2020-12-22
소름,2020-12-22
짜쓱아,2020-12-22
분석,2020-12-22
아이엠그루트,2020-12-22
OFFICIAL,2020-12-22
For,2020-12-22
메이플,2020-12-22
15년,2020-12-22
Story,2020-12-22
공개합니다,2020-12-22
14F,2020-12-22
아이유의,2020-12-22
이야기Y,2020-12-22
주인이,2020-12-22
성공자,2020-12-22
외국인,2020-12-22
탔을,2020-12-22
70,2020-12-22
당신의,2020-12-22
금호강,2020-12-22
나온다니ㄷㄷ,2020-12-22
YUMDDA,2020-12-22
안테나,2020-12-22
번호줌ㅋㅋㅋㅋㅋㅋㅋㅋㅋㅋ,2020-12-22
중앙은행,2020-12-22
Music,2020-12-22
부부까지,2020-12-22
Preview,2020-12-22
토르,2020-12-22
큐바노,2020-12-22
top6,2020-12-22
게임조아,2020-12-22
아내가,2020-12-22
과연,2020-12-22
김종민,2020-12-22
선택은,2020-12-22
있는,2020-12-22
이승기님이,2020-12-22
앵무새,2020-12-22
진돗개,2020-12-22
4K,2020-12-22
미쳤다,2020-12-22
3가지,2020-12-22
얼음,2020-12-22
합니다,2020-12-22
True,2020-12-22
접종,2020-12-22
여자친구,2020-12-22
찾아라,2020-12-22
하이라이트,2020-12-22
7코스,2020-12-22
예능천재,2020-12-22
자산을,2020-12-22
처리는,2020-12-22
차박하기│솔직히,2020-12-22
ZionT,2020-12-22
에스파,2020-12-22
13마리의,2020-12-22
할아버지가,2020-12-22
Wish,2020-12-22
Beauty,2020-12-22
아니다,2020-12-22
통합편,2020-12-22
MusicMAFIA,2020-12-22
다시보기,2020-12-22
신호를,2020-12-22
GRAY,2020-12-22
되었을까,2020-12-22
발견되고,2020-12-22
장항준,2020-12-22
좋아하는,2020-12-22
쓰레기,2020-12-22
편지,2020-12-22
첫날밤,2020-12-22
Ice,2020-12-22
QnA하기,2020-12-22
지하철을,2020-12-22
세계,2020-12-22
들여놓고,2020-12-22
나면,2020-12-22
먹고,2020-12-22
인기,2020-12-22
대학,2020-12-22
다른게,2020-12-22
Artists,2020-12-22
할아버지,2020-12-22
이유,2020-12-22
여자가,2020-12-22
신수지,2020-12-22
언니뽕,2020-12-22
DANCE,2020-12-22
묻은,2020-12-22
Penthouse,2020-12-22
겨울의,2020-12-22
Our,2020-12-22
짖자,2020-12-22
사람이,2020-12-22
35화💙,2020-12-22
들킨,2020-12-22
김호중,2020-12-22
Frozen,2020-12-22
2021년부터,2020-12-22
아스날전,2020-12-22
미쳤다고,2020-12-22
행동,2020-12-22
베네수엘라는,2020-12-22
개미투자자의,2020-12-22
보았다,2020-12-22
Got,2020-12-22
런던,2020-12-22
실패했는지,2020-12-22
하다가,2020-12-22
돋는,2020-12-22
짐승친구들,2020-12-22
covered,2020-12-22
MV,2020-12-22
홍진희,2020-12-22
만들어,2020-12-22
한국판,2020-12-22
장민호,2020-12-22
지키자,2020-12-22
반대하던,2020-12-22
입담👍🤣,2020-12-22
너혹시,2020-12-22
배로나의,2020-12-22
투수,2020-12-22
Grande,2020-12-22
식당에,2020-12-22
Park,2020-12-22
너무,2020-12-22
Kids,2020-12-22
요약,2020-12-22
CRY,2020-12-22
알겠다,2020-12-22
연장,2020-12-22
요즘,2020-12-22
미스트롯2,2020-12-22
본업,2020-12-22
숨겨진,2020-12-22
최대,2020-12-22
박지선,2020-12-22
person,2020-12-22
블박맛ZIP,2020-12-22
GIDLE,2020-12-22
女래퍼,2020-12-22
🧐마피아게임,2020-12-22
주석훈,2020-12-22
Cosi,2020-12-22
폭락의,2020-12-22
손흥민,2020-12-22
일상,2020-12-22
구종을,2020-12-22
자동차,2020-12-22
자막,2020-12-22
직업,2020-12-22
나라가,2020-12-22
최근,2020-12-22
일본인아내,2020-12-22
진범의,2020-12-22
WINDOW,2020-12-22
TV동물농장,2020-12-22
바란다💙,2020-12-22
BTS,2020-12-22
탐나는,2020-12-22
적삼의,2020-12-22
살수,2020-12-22
정도전을,2020-12-22
2부,2020-12-22
YouTube,2020-12-22
역사스페셜,2020-12-22
하이퍼인플레이션,2020-12-22
풀버전,2020-12-22
스킬을,2020-12-22
콜센타,2020-12-22
60,2020-12-22
열쇠를,2020-12-22
트리,2020-12-22
만드는,2020-12-22
만나다,2020-12-22
for,2020-12-22
블랙팬서2,2020-12-22
김동환,2020-12-22
뷔페,2020-12-22
육식맨의,2020-12-22
도하나한테,2020-12-22
36살,2020-12-22
혼자,2020-12-22
기자형의,2020-12-22
얼음창문이,2020-12-22
인베이전,2020-12-22
트램폴린,2020-12-22
사태,2020-12-22
가요대축제,2020-12-22
부른,2020-12-22
ENGJPN,2020-12-22
맛있을까,2020-12-22
모음집,2020-12-22
코리아,2020-12-22
실수,2020-12-22
eng신혼집으로,2020-12-22
한명,2020-12-22
작가,2020-12-22
내고,2020-12-22
혼돈의,2020-12-22
승자와,2020-12-22
추워서,2020-12-22
날려,2020-12-22
도전먹방,2020-12-22
오래된,2020-12-22
김세정은,2020-12-22
보아와,2020-12-22
그만,2020-12-22
생겨버렸습니다,2020-12-22
없을,2020-12-22
LS,2020-12-22
경은아,2020-12-22
아이콘택트,2020-12-22
주식시장,2020-12-22
않는,2020-12-22
변종,2020-12-22
대참사,2020-12-22
싸움,2020-12-22
파워무비,2020-12-22
지이를,2020-12-22
마세요,2020-12-22
반전매력,2020-12-22
6천원짜리라고,2020-12-22
거북이,2020-12-22
일반,2020-12-22
의해,2020-12-22
ITZY,2020-12-22
Un,2020-12-22
경제,2020-12-22
미스터리,2020-12-22
교수된,2020-12-22
엉망라이브3,2020-12-22
360도,2020-12-22
끝날때까지,2020-12-22
mkyu,2020-12-22
전혀,2020-12-22
파워,2020-12-22
경기,2020-12-22
헌팅하기ㅋㅋㅋ감동먹고,2020-12-22
보였던,2020-12-22
아름다운,2020-12-22
처음으로,2020-12-22
2021년에,2020-12-22
쳐무라,2020-12-22
시작,2020-12-22
김소연,2020-12-22
자퇴를,2020-12-22
다녀왔습니다┃A,2020-12-22
절대,2020-12-22
밥묵자,2020-12-22
다시보는,2020-12-22
It,2020-12-22
크리스마스,2020-12-22
만들어줄게,2020-12-22
이겨내고,2020-12-22
현금,2020-12-22
눈밭에서,2020-12-22
AIR,2020-12-22
명강연,2020-12-22
홈파티🐂🐖🐓🐏,2020-12-22
그들의,2020-12-22
단축키,2020-12-22
일진짱,2020-12-22
난리인,2020-12-22
You,2020-12-22
살인범의,2020-12-22
악마를,2020-12-22
정말,2020-12-22
24시간동안,2020-12-22
이런,2020-12-22
잠들지,2020-12-22
집에서,2020-12-22
모든,2020-12-22
명자,2020-12-22
믿을,2020-12-22
놀란,2020-12-22
근황5살,2020-12-22
빚을,2020-12-22
아이유,2020-12-22
생겼습니다,2020-12-22
코로나,2020-12-22
Dorma,2020-12-22
동물농장,2020-12-22
Loco,2020-12-22
정체는,2020-12-22
EP4,2020-12-22
남편,2020-12-22
산타,2020-12-22
키우기를,2020-12-22
아머워즈,2020-12-22
S클래스,2020-12-22
예능,2020-12-22
대구,2020-12-22
보내는법,2020-12-22
8마일,2020-12-22
심지어,2020-12-22
가난하려야,2020-12-22
SPORTSTIME,2020-12-22
눈물,2020-12-22
잊게,2020-12-22
총정리,2020-12-22
Jumbo,2020-12-22
아이즈원,2020-12-22
최초,2020-12-22
자산가가,2020-12-22
프로파일러의,2020-12-22
ICE,2020-12-22
동영상,2020-12-22
소녀,2020-12-22
곳곳에서,2020-12-22
이승기,2020-12-22
With,2020-12-22
딩고뮤직Dingo,2020-12-22
TV,2020-12-22
영탁,2020-12-22
l백만뷰,2020-12-22
없는,2020-12-22
ON,2020-12-22
Ep3,2020-12-22
차이,2020-12-22
누구,2020-12-22
단체로,2020-12-22
food,2020-12-22
33평,2020-12-22
직업정신ㄷㄷ,2020-12-22
Trampoline,2020-12-22
다큐프라임,2020-12-22
외전,2020-12-22
여신강림,2020-12-22
SBS,2020-12-22
새끼,2020-12-22
Video,2020-12-22
3화,2020-12-22
2020,2020-12-22
대학교수부터,2020-12-22
싸우고나서,2020-12-22
위대한,2020-12-22
주식하다가,2020-12-22
YTN,2020-12-22
상원사,2020-12-22
문가영한테,2020-12-22
새아파트🏡,2020-12-22
러브앤썬더,2020-12-22
점프,2020-12-22
산유국,2020-12-22
피아노,2020-12-22
해버렸습니다,2020-12-22
CREDIT,2020-12-22
50억,2020-12-22
CAR,2020-12-22
KBS,2020-12-22
벤츠,2020-12-22
남자를,2020-12-22
스페셜,2020-12-22
24개,2020-12-22
엄마한텐,2020-12-22
by,2020-12-22
짜장까지,2020-12-22
레알😒,2020-12-22
샾잉,2020-12-22
시작된,2020-12-22
소문난,2020-12-22
Month,2020-12-22
정식으로,2020-12-22
모모랜드,2020-12-22
Amore,2020-12-22
맡겨주세요,2020-12-22
Animal,2020-12-22
세계에서,2020-12-22
버리지,2020-12-22
돌아왔다,2020-12-22
믹서기,2020-12-22
Clip,2020-12-22
NOW,2020-12-22
아카데미,2020-12-22
재생,2020-12-22
feat,2020-12-22
두구두구두구여신강림,2020-12-22
시크릿,2020-12-22
먹기도,2020-12-22
여자,2020-12-22
캐럴,2020-12-22
리포트,2020-12-22
풀체인지,2020-12-22
네일,2020-12-22
경이로운소문,2020-12-22
무엇이었을까,2020-12-22
그알,2020-12-22
바로,2020-12-22
아무도,2020-12-22
buffet,2020-12-22
20도,2020-12-22
판타스틱4,2020-12-22
Udon,2020-12-22
【분량체크】김은희,2020-12-22
다이버들에,2020-12-22
재테크,2020-12-22
Christmas,2020-12-22
늑대,2020-12-22
Challenge,2020-12-22
집콕시그널2,2020-12-22
미라,2020-12-22
이상한,2020-12-22
고기,2020-12-22
유퀴즈온더블럭,2020-12-22
발견,2020-12-22
용의자,2020-12-22
아이언하트,2020-12-22
영화가,2020-12-22
욕쟁이,2020-12-22
강아지가,2020-12-22
천천히,2020-12-22
Farm,2020-12-22
per,2020-12-22
그냥,2020-12-22
등등,2020-12-22
FOR,2020-12-22
꼬물이,2020-12-22
korean,2020-12-22
바꾸는,2020-12-22
남자,2020-12-22
크리에이터,2020-12-22
본격,2020-12-22
다시,2020-12-22
IZONEPanorama마피아,2020-12-22
무시무시한,2020-12-22
범인의,2020-12-22
대국을,2020-12-22
이찬원,2020-12-22
라면을,2020-12-22
왕의,2020-12-22
통했다,2020-12-22
데려가려고,2020-12-22
아이,2020-12-22
1년만에,2020-12-22
가난할,2020-12-22
드라마,2020-12-22
December,2020-12-22
미스터트롯,2020-12-22
모른다,2020-12-22
이사가는날,2020-12-22
임영웅,2020-12-22
신준경,2020-12-22
움직이는,2020-12-22
팬데믹,2020-12-22
갔다왔습니다,2020-12-22
반응토트넘,2020-12-22
현지해설,2020-12-22
마라,2020-12-22
맷돌,2020-12-22
순둥이💙,2020-12-22
직관feat,2020-12-22
VS,2020-12-22
미쳤다ㄷㄷ,2020-12-22
street,2020-12-22
마운드에서,2020-12-22
진짜,2020-12-22
보여줌,2020-12-22
백발백중,2020-12-22
선공개,2020-12-22
Special,2020-12-22
들어간,2020-12-22
짐작,2020-12-22
데친물,2020-12-22
반응,2020-12-22
찐광기란,2020-12-22
버그,2020-12-22
몇대몇블랙박스,2020-12-22
몰래,2020-12-22
슬라이더,2020-12-22
시전하셨습니다,2020-12-22
202012월,2020-12-22
엄마예요,2020-12-22
【클린버전】,2020-12-22
알고보니,2020-12-22
설민석의,2020-12-22
교수가,2020-12-22
Jay,2020-12-22
뭔지,2020-12-22
공개되는,2020-12-22
일반,2020-12-27
하이퍼인플레이션,2020-12-27
인베이전,2020-12-27
ENG,2020-12-27
나라가,2020-12-27
홀리데이,2020-12-27
좋아하는,2020-12-27
너무,2020-12-27
백만뷰,2020-12-27
amwf,2020-12-27
싶었습니다,2020-12-27
무엇이든,2020-12-27
과연,2020-12-27
오늘이,2020-12-27
아내,2020-12-27
MBC201223방송,2020-12-27
있다는,2020-12-27
5편,2020-12-27
참치주먹밥,2020-12-27
Loco,2020-12-27
수라간에서,2020-12-27
오우빡세다,2020-12-27
엇갈린,2020-12-27
201221,2020-12-27
보이시는데,2020-12-27
Holiday,2020-12-27
해외반응,2020-12-27
잊게,2020-12-27
인기,2020-12-27
MakeUp,2020-12-27
솔로인,2020-12-27
산타할아버지도,2020-12-27
가난할,2020-12-27
Comedy,2020-12-27
생크림케익,2020-12-27
여전한,2020-12-27
20201219,2020-12-27
자막,2020-12-27
휘파람♪｜싱어게인｜JTBC,2020-12-27
공부하기,2020-12-27
영혼,2020-12-27
천재,2020-12-27
of,2020-12-27
EP18,2020-12-27
있다,2020-12-27
함께한,2020-12-27
Trampoline,2020-12-27
토크🐆💥,2020-12-27
진돗개,2020-12-27
없어,2020-12-27
짜쓱아,2020-12-27
만약,2020-12-27
소장,2020-12-27
오싹한,2020-12-27
트라우마에,2020-12-27
재생,2020-12-27
소주,2020-12-27
90화,2020-12-27
떠납니다,2020-12-27
food,2020-12-27
마운드에서,2020-12-27
얼음,2020-12-27
할아버지가,2020-12-27
공개되는,2020-12-27
총정리,2020-12-27
슈퍼맨이,2020-12-27
먹방,2020-12-27
입도,2020-12-27
EP4,2020-12-27
경제,2020-12-27
마블,2020-12-27
러브앤썬더,2020-12-27
서로,2020-12-27
구경오세요,2020-12-27
욕쟁이,2020-12-27
가요대전,2020-12-27
이렇게,2020-12-27
Frozen,2020-12-27
토르,2020-12-27
시켜주기,2020-12-27
24시간동안,2020-12-27
보고,2020-12-27
짖자,2020-12-27
때가,2020-12-27
외국인이,2020-12-27
심사위원들을,2020-12-27
소년,2020-12-27
미라,2020-12-27
시대,2020-12-27
손님은,2020-12-27
in,2020-12-27
새해선물,2020-12-27
스톱모션,2020-12-27
김용섭,2020-12-27
암컷,2020-12-27
멋지게,2020-12-27
유럽,2020-12-27
맛집,2020-12-27
남자를,2020-12-27
부른,2020-12-27
가장,2020-12-27
해버렸습니다,2020-12-27
factory,2020-12-27
본인차를,2020-12-27
귀한,2020-12-27
아직은,2020-12-27
새끼,2020-12-27
Making,2020-12-27
될까,2020-12-27
불고기X냉면,2020-12-27
4가지,2020-12-27
발견되고,2020-12-27
크리스마스를,2020-12-27
밥묵자,2020-12-27
비행기에서,2020-12-27
났어요,2020-12-27
REACTION,2020-12-27
with,2020-12-27
TV,2020-12-27
상원사,2020-12-27
그만,2020-12-27
카네이션딸기초코레인보우,2020-12-27
비ㅋㅋㅋ,2020-12-27
나면,2020-12-27
혼돈에,2020-12-27
허접한,2020-12-27
연기력도,2020-12-27
【분량체크】김은희,2020-12-27
삼촌들,2020-12-27
선물로,2020-12-27
5개월,2020-12-27
투자,2020-12-27
에일리님이,2020-12-27
cake,2020-12-27
주인공,2020-12-27
돌아왔다The,2020-12-27
Arsenal,2020-12-27
11월,2020-12-27
24개,2020-12-27
라이딩,2020-12-27
팬들과,2020-12-27
찾는,2020-12-27
손흥민,2020-12-27
Chelsea,2020-12-27
ㅜㅜ언니는,2020-12-27
물어보살,2020-12-27
시크릿,2020-12-27
내고,2020-12-27
아찔한,2020-12-27
탈출,2020-12-27
투자포트폴리오는,2020-12-27
🎵아버지의,2020-12-27
환장하는,2020-12-27
연애,2020-12-27
증시,2020-12-27
지하철을,2020-12-27
취저,2020-12-27
까지,2020-12-27
동영상,2020-12-27
저희집에,2020-12-27
MC들의,2020-12-27
여러분,2020-12-27
베네수엘라는,2020-12-27
20201220,2020-12-27
매일,2020-12-27
엄마,2020-12-27
기간,2020-12-27
마음을,2020-12-27
대국을,2020-12-27
US,2020-12-27
티저,2020-12-27
Part06,2020-12-27
TVCHOSUNJOY,2020-12-27
안타까운,2020-12-27
연기하는,2020-12-27
슬라이더,2020-12-27
JYP랑,2020-12-27
2021,2020-12-27
fresh,2020-12-27
런던,2020-12-27
Park,2020-12-27
연습하다가,2020-12-27
탔을,2020-12-27
찐이야코미디빅리그,2020-12-27
ENTER,2020-12-27
크리스마스때,2020-12-27
트로트,2020-12-27
Big,2020-12-27
전무,2020-12-27
탐나는,2020-12-27
혼돈의,2020-12-27
만나면,2020-12-27
울리는,2020-12-27
감출,2020-12-27
계십니다,2020-12-27
포스트,2020-12-27
민찬기와,2020-12-27
신봉선,2020-12-27
탈곡기,2020-12-27
주식,2020-12-27
서늘한,2020-12-27
추워서,2020-12-27
않은,2020-12-27
우주힙쟁이,2020-12-27
역사를,2020-12-27
한겨울,2020-12-27
＜Life,2020-12-27
트램폴린,2020-12-27
디스코,2020-12-27
블랙팬서2,2020-12-27
미모도,2020-12-27
엠뚜루마뚜루,2020-12-27
사위의,2020-12-27
작가,2020-12-27
넣은,2020-12-27
해봤어요,2020-12-27
YONJIHAM,2020-12-27
정도전을,2020-12-27
입담👍🤣,2020-12-27
흙수저들의,2020-12-27
연속듣기❤,2020-12-27
아무도,2020-12-27
짐승친구들,2020-12-27
예능맛집X곱빼기미운우리새끼,2020-12-27
감짝선물,2020-12-27
도플갱어를,2020-12-27
Music,2020-12-27
GIRIBOY,2020-12-27
사람이,2020-12-27
먹지,2020-12-27
된다,2020-12-27
홍지윤,2020-12-27
설민석의,2020-12-27
등골,2020-12-27
방탄소년단,2020-12-27
잼모아,2020-12-27
트렌드는,2020-12-27
없을,2020-12-27
1년만에,2020-12-27
도플갱어네,2020-12-27
내년,2020-12-27
일상목살필라프,2020-12-27
돌아온,2020-12-27
돌아왔다,2020-12-27
논란,2020-12-27
집밥백선생,2020-12-27
진정시키는,2020-12-27
찐웃음,2020-12-27
바꾸자,2020-12-27
찢을거야,2020-12-27
Dynamite2020,2020-12-27
판타스틱4,2020-12-27
깨어나다,2020-12-27
투수,2020-12-27
의해,2020-12-27
주식을,2020-12-27
인생,2020-12-27
Korean,2020-12-27
현주엽,2020-12-27
GIFT,2020-12-27
명강연,2020-12-27
대표,2020-12-27
prod딘딘,2020-12-27
레고,2020-12-27
On＞2020,2020-12-27
빠뜨린,2020-12-27
CREDIT,2020-12-27
에일리님,2020-12-27
좋아❤️,2020-12-27
황제성,2020-12-27
열쇠를,2020-12-27
Chitty,2020-12-27
젊은,2020-12-27
안무,2020-12-27
스타일로,2020-12-27
무대를,2020-12-27
말았습니다,2020-12-27
국제커플,2020-12-27
숨겨진,2020-12-27
묻은,2020-12-27
도착했습니다,2020-12-27
나혼자산다,2020-12-27
Premier,2020-12-27
먹어라,2020-12-27
위험이,2020-12-27
뜯는,2020-12-27
MOM,2020-12-27
TVPP,2020-12-27
트롯전국체전,2020-12-27
버전이,2020-12-27
투자의,2020-12-27
중앙은행,2020-12-27
ON,2020-12-27
몰카를,2020-12-27
이찬원,2020-12-27
반전,2020-12-27
GRAY,2020-12-27
감탄을,2020-12-27
소녀,2020-12-27
보기만해도,2020-12-27
UNEXPECTED,2020-12-27
화사와,2020-12-27
Queen,2020-12-27
샤워가,2020-12-27
하이라이트,2020-12-27
세계에서,2020-12-27
직관feat,2020-12-27
무서운,2020-12-27
비x박진영,2020-12-27
큐바노,2020-12-27
아카데미,2020-12-27
어떨까요,2020-12-27
Feat,2020-12-27
사막마을,2020-12-27
속보,2020-12-27
그녀,2020-12-27
머니올라,2020-12-27
놀라게,2020-12-27
소식,2020-12-27
🎉700회,2020-12-27
360도,2020-12-27
병맛더빙웃긴영상,2020-12-27
강🎵,2020-12-27
한국인을,2020-12-27
수확6번째,2020-12-27
RUSSIAN,2020-12-27
제주도,2020-12-27
다큐프라임,2020-12-27
연기로,2020-12-27
CC,2020-12-27
존리,2020-12-27
엄마따라,2020-12-27
찾아오셨습니다,2020-12-27
광대,2020-12-27
VLOG👨u200d👩u200d👧u200d👦햄아빠,2020-12-27
여자,2020-12-27
1년,2020-12-27
산유국,2020-12-27
하고,2020-12-27
다시보는,2020-12-27
만드는,2020-12-27
가수다,2020-12-27
WALL,2020-12-27
여행,2020-12-27
시험,2020-12-27
만에,2020-12-27
주식으로,2020-12-27
아머워즈,2020-12-27
Mr,2020-12-27
공개★,2020-12-27
생겼습니다,2020-12-27
Artists,2020-12-27
남편,2020-12-27
팬데믹,2020-12-27
디아이콘박싱데이,2020-12-27
이유,2020-12-27
유튜브,2020-12-27
노예계약,2020-12-27
재테크,2020-12-27
미스터리,2020-12-27
완벽했나,2020-12-27
MC들과,2020-12-27
이겁니다,2020-12-27
AMONG,2020-12-27
어몽어스,2020-12-27
죽다,2020-12-27
햄가족,2020-12-27
먹고🥘,2020-12-27
감독,2020-12-27
산책가고,2020-12-27
성훈의,2020-12-27
되었을까,2020-12-27
남친이,2020-12-27
처음으로,2020-12-27
환호하는,2020-12-27
한량,2020-12-27
크리스마스,2020-12-27
FOR,2020-12-27
최근,2020-12-27
외국인,2020-12-27
만들어,2020-12-27
중전마마고정하시옵소서,2020-12-27
요리가,2020-12-27
어떻게,2020-12-27
맷돌,2020-12-27
드렸습니다,2020-12-27
대학생,2020-12-27
Superman,2020-12-27
오뚜기,2020-12-27
통합편,2020-12-27
완💖,2020-12-27
치킨,2020-12-27
Bang♪｜싱어게인｜JTBC,2020-12-27
남자친구의,2020-12-27
Bang,2020-12-27
뽕신강림,2020-12-27
프로젝트,2020-12-27
경악을,2020-12-27
언제부터,2020-12-27
무시무시한,2020-12-27
KBS,2020-12-27
담배충,2020-12-27
가난한,2020-12-27
세계,2020-12-27
방송,2020-12-27
전해,2020-12-27
Return,2020-12-27
믹서기,2020-12-27
수익금,2020-12-27
힐링되는,2020-12-27
모든,2020-12-27
지옥에서,2020-12-27
강아지가,2020-12-27
당신이,2020-12-27
YUMDDA,2020-12-27
보물상자,2020-12-27
공개합니다🙋u200d♀️,2020-12-27
노래모음,2020-12-27
일상,2020-12-27
세상,2020-12-27
110회염블리가,2020-12-27
모르고,2020-12-27
MOTIONHELP,2020-12-27
앵무새,2020-12-27
진돗개의,2020-12-27
ZionT,2020-12-27
비비BIBI,2020-12-27
특집🎉,2020-12-27
뭐야,2020-12-27
for,2020-12-27
언택트,2020-12-27
무너뜨린,2020-12-27
진돗개를,2020-12-27
본업,2020-12-27
100배,2020-12-27
전설,2020-12-27
케미를,2020-12-27
수라간,2020-12-27
회장님과,2020-12-27
미스트롯2,2020-12-27
장항준,2020-12-27
아내가,2020-12-27
행복힐링영상,2020-12-27
추천하는,2020-12-27
Highlights,2020-12-27
Kids,2020-12-27
목소리의,2020-12-27
파티,2020-12-27
선공개,2020-12-27
키트,2020-12-27
PHOTO,2020-12-27
cream,2020-12-27
국대,2020-12-27
Goes,2020-12-27
다이버들에,2020-12-27
최대,2020-12-27
KPop,2020-12-27
찾아라,2020-12-27
김종국연봉500원,2020-12-27
다이어트,2020-12-27
딸기레몬에이드,2020-12-27
메이크업,2020-12-27
반응토트넘,2020-12-27
없는,2020-12-27
리프팅,2020-12-27
코리아,2020-12-27
진짜,2020-12-27
오유진,2020-12-27
사태,2020-12-27
경기,2020-12-27
샤인머스켓요거트,2020-12-27
아이언하트,2020-12-27
지내는지,2020-12-27
신혜선,2020-12-27
김동환,2020-12-27
하이언니와,2020-12-27
SBS,2020-12-27
DAEGUsbs,2020-12-27
연습,2020-12-27
최초,2020-12-27
솔크,2020-12-27
크리에이터,2020-12-27
야식으로,2020-12-27
드라마,2020-12-27
처럼,2020-12-27
헝가리부부유튜브수익금을,2020-12-27
기말고사,2020-12-27
요즘,2020-12-27
언니뽕,2020-12-27
철인왕후,2020-12-27
좋지,2020-12-27
망하는,2020-12-27
벼수확5번째,2020-12-27
누구,2020-12-27
아리랑,2020-12-27
SUB,2020-12-27
강민석,2020-12-27
모음5,2020-12-27
반응,2020-12-27
통해,2020-12-27
함께,2020-12-27
운전자대부분이,2020-12-27
난리가,2020-12-27
고장,2020-12-27
시작되고,2020-12-27
라면,2020-12-27
아이엠그루트,2020-12-27
VS,2020-12-27
청와대,2020-12-27
League,2020-12-27
피하기,2020-12-27
역사스페셜,2020-12-27
반응은,2020-12-27
배종옥,2020-12-27
라디오스타,2020-12-27
feat,2020-12-27
살아,2020-12-27
주식투자,2020-12-27
아재,2020-12-27
구종을,2020-12-27
31,2020-12-27
TV조선조이,2020-12-27
남자,2020-12-27
살려줘,2020-12-27
심사위원들의,2020-12-27
장모님께,2020-12-27
먹방👀햄연지,2020-12-27
영화,2020-12-27
63호의,2020-12-27
입문,2020-12-27
싶어서,2020-12-27
🍜라면을,2020-12-27
표정ㄷㄷ,2020-12-27
놀란,2020-12-27
모두를,2020-12-27
드립니다,2020-12-27
BTS,2020-12-27
Ice,2020-12-27
362회,2020-12-27
나두,2020-12-27
메뉴까지,2020-12-27
30호의,2020-12-27
만든,2020-12-27
EP389,2020-12-27
룩북,2020-12-27
다시,2020-12-27
나는,2020-12-27
1화,2020-12-27
AwardsSBS,2020-12-27
MY,2020-12-27
저건,2020-12-27
긴장하게,2020-12-27
맛있을까,2020-12-27
윤석민이,2020-12-27
2021년부터,2020-12-27
적삼의,2020-12-27
소름썰,2020-12-27
접수🔥,2020-12-27
가난하려야,2020-12-27
AIR,2020-12-27
️핫클립️,2020-12-27
입짧은햇님,2020-12-27
2020,2020-12-27
집나간,2020-12-27
ME,2020-12-27
햇님,2020-12-27
반대하던,2020-12-27
u0026,2020-12-27
곳곳에서,2020-12-27
투움바,2020-12-27
가정집에서는,2020-12-27
❤40분,2020-12-27
대왕대비,2020-12-27
물고,2020-12-27
놀라운,2020-12-27
닭갈비,2020-12-27
앞에서,2020-12-27
팔아야,2020-12-27
박세익,2020-12-27
점프,2020-12-27
키우기를,2020-12-27
행동,2020-12-27
사도,2020-12-27
미쳤다ㄷㄷ,2020-12-27
눈물을,2020-12-27
짓게,2020-12-27
정말,2020-12-27
그러나,2020-12-27
보인,2020-12-27
예능,2020-12-27
하자,2020-12-27
추천,2020-12-27
셰프,2020-12-27
전쟁이,2020-12-27
만들기,2020-12-27
EN,2020-12-27
강문경의,2020-12-27
나로,2020-12-27
초록용,2020-12-27
딸기청,2020-12-27
STOP,2020-12-27
YouTube,2020-12-27
20도,2020-12-27
Jay,2020-12-27
MV,2020-12-27
백지영,2020-12-27
쳐무라,2020-12-27
바꾸는,2020-12-27
유민상,2020-12-27
뜨는,2020-12-27
보여줌,2020-12-27
러시아,2020-12-27
단축키,2020-12-27
LeeHi,2020-12-27
보는,2020-12-27
수컷,2020-12-27
최우식에게,2020-12-27
vlog,2020-12-27
박초은,2020-12-27
시즌비시즌,2020-12-27
LEGO,2020-12-27
총출동,2020-12-27
300년,2020-12-27
자세,2020-12-27
부부,2020-12-27
우는,2020-12-27
얻어먹고,2020-12-27
가족,2020-12-27
사쿠란보를,2020-12-27
놀란다는,2020-12-27
하이에나,2020-12-27
bj박민정님ㅋㅋㅋㅋㅋㅋㅋㅋㅋ,2020-12-27
이야기,2020-12-27
보기만해도,2020-12-31
병맛더빙웃긴영상,2020-12-31
갑자기,2020-12-31
가장,2020-12-31
360도,2020-12-31
몰카,2020-12-31
로맨스2,2020-12-31
앵무새,2020-12-31
원장님,2020-12-31
for,2020-12-31
미국소녀가,2020-12-31
유튜브,2020-12-31
아듀,2020-12-31
하이에나,2020-12-31
팬데믹,2020-12-31
스팩,2020-12-31
철인왕후,2020-12-31
Vlog,2020-12-31
반대하던,2020-12-31
트로트,2020-12-31
EP4,2020-12-31
전u0026후,2020-12-31
GRAY,2020-12-31
1탄,2020-12-31
사랑하는,2020-12-31
트롯전국체전,2020-12-31
열일하는,2020-12-31
엇갈린,2020-12-31
무너뜨린,2020-12-31
찐텐인가,2020-12-31
머니올라,2020-12-31
고냥,2020-12-31
브이로그🏆✨2020,2020-12-31
신혜선❣,2020-12-31
천재,2020-12-31
보는,2020-12-31
잊게,2020-12-31
ASMR,2020-12-31
홍지윤,2020-12-31
불고기X냉면,2020-12-31
엠뚜루마뚜루,2020-12-31
살려줘,2020-12-31
비x박진영,2020-12-31
놀라게,2020-12-31
담배충,2020-12-31
여자없는,2020-12-31
레고,2020-12-31
🎉700회,2020-12-31
에너지,2020-12-31
소녀,2020-12-31
맛이밴놈,2020-12-31
먹고,2020-12-31
오유진,2020-12-31
충격적인,2020-12-31
AwardsSBS,2020-12-31
MOTIONHELP,2020-12-31
루머들,2020-12-31
Feat,2020-12-31
완결판,2020-12-31
그녀,2020-12-31
2화,2020-12-31
소개드립니다,2020-12-31
GOING,2020-12-31
2021,2020-12-31
은또,2020-12-31
탈출,2020-12-31
한국인을,2020-12-31
릴보이,2020-12-31
언박싱♥♥,2020-12-31
NEW,2020-12-31
한량,2020-12-31
삼촌들,2020-12-31
퇴치법,2020-12-31
누구인가,2020-12-31
Relay,2020-12-31
박고,2020-12-31
Park,2020-12-31
미라,2020-12-31
다시,2020-12-31
HANBAMs,2020-12-31
깨워보겠습니다,2020-12-31
재테크,2020-12-31
왜곡,2020-12-31
보고,2020-12-31
몽땅,2020-12-31
친구야,2020-12-31
입문,2020-12-31
빅3,2020-12-31
외롭네요,2020-12-31
먹방,2020-12-31
짐승친구들,2020-12-31
LIVE,2020-12-31
취저,2020-12-31
우이의,2020-12-31
동영상,2020-12-31
😱I,2020-12-31
진짜,2020-12-31
메니져가,2020-12-31
할까요,2020-12-31
스팩주가,2020-12-31
감사합니다,2020-12-31
시대,2020-12-31
비행기에서,2020-12-31
하고,2020-12-31
24시간동안,2020-12-31
지옥에서,2020-12-31
브라보,2020-12-31
너의,2020-12-31
짓게,2020-12-31
ENJP,2020-12-31
황제성,2020-12-31
만에,2020-12-31
싱겁다,2020-12-31
가성비甲,2020-12-31
유민상,2020-12-31
김동환,2020-12-31
SUB,2020-12-31
Mr,2020-12-31
공개그는,2020-12-31
마운드에서,2020-12-31
필름,2020-12-31
아카데미,2020-12-31
아이즈원,2020-12-31
대박,2020-12-31
인생,2020-12-31
연기로,2020-12-31
아롱사태,2020-12-31
스타들의,2020-12-31
공개★,2020-12-31
진돗개,2020-12-31
단축키,2020-12-31
Trip2,2020-12-31
영혼,2020-12-31
소장,2020-12-31
PDAC,2020-12-31
준비,2020-12-31
수라간,2020-12-31
김종국연봉500원,2020-12-31
원슈타인,2020-12-31
하는,2020-12-31
예능,2020-12-31
권재관,2020-12-31
선택한,2020-12-31
공약,2020-12-31
히어로부터,2020-12-31
전해드릴까,2020-12-31
You,2020-12-31
비상사태,2020-12-31
노래모음,2020-12-31
여러분,2020-12-31
인생은,2020-12-31
cream,2020-12-31
박초은,2020-12-31
셰프,2020-12-31
가난한,2020-12-31
CC김나영의,2020-12-31
카네이션딸기초코레인보우,2020-12-31
Eatting,2020-12-31
저희집에,2020-12-31
혜리,2020-12-31
YTN,2020-12-31
인기,2020-12-31
다이어트,2020-12-31
오늘이,2020-12-31
원탑까지,2020-12-31
교과서,2020-12-31
완벽했나,2020-12-31
쌩리얼,2020-12-31
일본,2020-12-31
MC들의,2020-12-31
읽어드림,2020-12-31
SBS,2020-12-31
섹터에서,2020-12-31
광대,2020-12-31
구독,2020-12-31
보내기,2020-12-31
일반,2020-12-31
운으로,2020-12-31
출국,2020-12-31
휴일🎶,2020-12-31
진돗개를,2020-12-31
신혜선,2020-12-31
찐이야코미디빅리그,2020-12-31
to,2020-12-31
연예대상,2020-12-31
감사합니다ㅠ,2020-12-31
되었을까,2020-12-31
Jay,2020-12-31
TV,2020-12-31
백만뷰PICK,2020-12-31
RAIN비,2020-12-31
CLOSEUP,2020-12-31
시켜주기,2020-12-31
병영일기,2020-12-31
Hyperrealism,2020-12-31
주식부자,2020-12-31
찐웃음,2020-12-31
살기,2020-12-31
먹지,2020-12-31
수라간에서,2020-12-31
대왕대비,2020-12-31
찢을거야,2020-12-31
변화,2020-12-31
신혜선은,2020-12-31
가능하다,2020-12-31
1월,2020-12-31
보내기🎄새로운,2020-12-31
4가지,2020-12-31
구종을,2020-12-31
막내,2020-12-31
비비BIBI,2020-12-31
표정ㄷㄷ,2020-12-31
봐라,2020-12-31
Video,2020-12-31
Do,2020-12-31
생긴,2020-12-31
실력으로,2020-12-31
1에,2020-12-31
메뉴까지,2020-12-31
Ver,2020-12-31
웃고,2020-12-31
앞에서,2020-12-31
에일리님이,2020-12-31
고3,2020-12-31
끊겼어를,2020-12-31
EXID,2020-12-31
고소하다를,2020-12-31
솔로인,2020-12-31
투수,2020-12-31
YouTube,2020-12-31
안무,2020-12-31
❤40분,2020-12-31
티비,2020-12-31
계신다,2020-12-31
혜리는,2020-12-31
만드는,2020-12-31
혼돈의,2020-12-31
윤석민이,2020-12-31
강아지가,2020-12-31
우주힙쟁이,2020-12-31
오늘은,2020-12-31
역대급,2020-12-31
프로젝트새로운,2020-12-31
젊은,2020-12-31
5탄,2020-12-31
아내,2020-12-31
노래,2020-12-31
알려준다,2020-12-31
Dynamite2020,2020-12-31
일상,2020-12-31
합니다,2020-12-31
얼굴,2020-12-31
증시,2020-12-31
컨셉으로,2020-12-31
소힘줄,2020-12-31
떠납니다,2020-12-31
스팩주들,2020-12-31
접수🔥,2020-12-31
10인근,2020-12-31
든든한,2020-12-31
받기,2020-12-31
이찬원,2020-12-31
아재,2020-12-31
1년,2020-12-31
ㅋㅋㅋㅋㅋ,2020-12-31
message,2020-12-31
2020,2020-12-31
스팩주RBAC편,2020-12-31
힐링되는,2020-12-31
개봉기,2020-12-31
방탄소년단,2020-12-31
아니,2020-12-31
AMONG,2020-12-31
자세,2020-12-31
손님,2020-12-31
방해해요,2020-12-31
한국의,2020-12-31
4만명,2020-12-31
촬영,2020-12-31
랜선집들이기다리고,2020-12-31
지급합니다,2020-12-31
in,2020-12-31
110회염블리가,2020-12-31
보여줌,2020-12-31
어디보자,2020-12-31
파티,2020-12-31
슬라이더,2020-12-31
3천만원짜리,2020-12-31
반응,2020-12-31
말입니다,2020-12-31
선물,2020-12-31
짖자,2020-12-31
나오는,2020-12-31
최근,2020-12-31
ZionT,2020-12-31
전골,2020-12-31
JYP,2020-12-31
언니뽕,2020-12-31
장항준,2020-12-31
MBC201223방송,2020-12-31
밥묵자,2020-12-31
미스트롯2,2020-12-31
강산에,2020-12-31
릴레이입니다,2020-12-31
완💖,2020-12-31
크리스마스때,2020-12-31
Gayodaejuns,2020-12-31
ODG,2020-12-31
공개면세품,2020-12-31
먹방ㅎ,2020-12-31
욕쟁이,2020-12-31
이유,2020-12-31
솔크,2020-12-31
말았습니다,2020-12-31
나라가,2020-12-31
바꾸자,2020-12-31
처럼,2020-12-31
전기차관련,2020-12-31
할아버지가,2020-12-31
ENG,2020-12-31
입도,2020-12-31
물고,2020-12-31
어쩔수,2020-12-31
만나면,2020-12-31
역사스페셜,2020-12-31
만난,2020-12-31
감독,2020-12-31
300년,2020-12-31
잠수이별,2020-12-31
찾기IMPX,2020-12-31
크리스마스,2020-12-31
라디오,2020-12-31
CREDIT,2020-12-31
반전,2020-12-31
모두를,2020-12-31
주인공,2020-12-31
수컷,2020-12-31
시즌비시즌,2020-12-31
전효성의,2020-12-31
스팩주,2020-12-31
TOP5를,2020-12-31
민찬기와,2020-12-31
프로젝트,2020-12-31
11일부터,2020-12-31
추천하는,2020-12-31
주목,2020-12-31
김숙,2020-12-31
담은,2020-12-31
투자포트폴리오는,2020-12-31
하이퍼인플레이션,2020-12-31
크리에이터,2020-12-31
사태,2020-12-31
AIR,2020-12-31
사라진,2020-12-31
배종옥,2020-12-31
저건,2020-12-31
디스코,2020-12-31
가난할,2020-12-31
연기하는,2020-12-31
잼모아,2020-12-31
League,2020-12-31
K사이언티스트,2020-12-31
엄마,2020-12-31
어몽어스,2020-12-31
EP01,2020-12-31
🛍국제택배,2020-12-31
fresh,2020-12-31
찾아오셨습니다,2020-12-31
사람이,2020-12-31
중전마마고정하시옵소서,2020-12-31
라디오스타,2020-12-31
혼술먹방,2020-12-31
1인분,2020-12-31
MV,2020-12-31
feat,2020-12-31
중앙은행,2020-12-31
운빨일까,2020-12-31
노필터,2020-12-31
본업,2020-12-31
반말하는,2020-12-31
하이라이트,2020-12-31
누워만,2020-12-31
TVCHOSUNJOY,2020-12-31
샤워가,2020-12-31
7일만,2020-12-31
특집🎉,2020-12-31
앞으로,2020-12-31
영어로,2020-12-31
택배,2020-12-31
행동,2020-12-31
새끼,2020-12-31
이걸,2020-12-31
긴급,2020-12-31
외국인이,2020-12-31
연구소,2020-12-31
대국을,2020-12-31
넣었면,2020-12-31
미모도,2020-12-31
트월킹을명장면,2020-12-31
형들과,2020-12-31
때려,2020-12-31
재생,2020-12-31
me,2020-12-31
표현들,2020-12-31
빅죠형,2020-12-31
닮았음,2020-12-31
사쿠란보를,2020-12-31
기쁨의,2020-12-31
Switch,2020-12-31
연습,2020-12-31
세상,2020-12-31
개진상,2020-12-31
재난지원금,2020-12-31
목소리의,2020-12-31
Artists,2020-12-31
스팩SPAC주,2020-12-31
인테리어,2020-12-31
미국,2020-12-31
보자보자,2020-12-31
만들기,2020-12-31
코리아,2020-12-31
강민석,2020-12-31
많이,2020-12-31
한식도,2020-12-31
YUMDDA,2020-12-31
나로,2020-12-31
백종범,2020-12-31
부부,2020-12-31
여자중학교에,2020-12-31
하니닮으신분,2020-12-31
쉬는,2020-12-31
CC,2020-12-31
입담👍🤣,2020-12-31
당했다,2020-12-31
최초,2020-12-31
없을,2020-12-31
대상,2020-12-31
수비드가,2020-12-31
탄생,2020-12-31
헬멧동생,2020-12-31
정리해드릴게요,2020-12-31
with,2020-12-31
IZONE,2020-12-31
않은,2020-12-31
잇힝트립2,2020-12-31
산유국,2020-12-31
Me,2020-12-31
Korean,2020-12-31
숙취,2020-12-31
TOP4,2020-12-31
【분량체크】김은희,2020-12-31
싶었습니다,2020-12-31
SEVENTEEN,2020-12-31
나에게,2020-12-31
cake,2020-12-31
함께,2020-12-31
1화,2020-12-31
키우기를,2020-12-31
한겨울,2020-12-31
놀란,2020-12-31
메이크업샵,2020-12-31
국힙,2020-12-31
꿈꾸는,2020-12-31
중전이,2020-12-31
죽여보자,2020-12-31
내년,2020-12-31
소년,2020-12-31
모든,2020-12-31
prod딘딘,2020-12-31
랜선집들이,2020-12-31
삐쳐서,2020-12-31
가요대전,2020-12-31
뜯는,2020-12-31
Queen,2020-12-31
Making,2020-12-31
Teaser,2020-12-31
서로,2020-12-31
회의,2020-12-31
무대를,2020-12-31
계시네요,2020-12-31
동생이,2020-12-31
현주엽,2020-12-31
백만뷰,2020-12-31
할까,2020-12-31
처음으로,2020-12-31
그만,2020-12-31
LEGO,2020-12-31
놀라운,2020-12-31
베네수엘라는,2020-12-31
상위,2020-12-31
짜쓱아,2020-12-31
EP389,2020-12-31
가난하려야,2020-12-31
무서운,2020-12-31
고독하구만,2020-12-31
김나영의,2020-12-31
연기력도,2020-12-31
먹어라,2020-12-31
되나요,2020-12-31
하는데,2020-12-31
KBS,2020-12-31
필수품자가격리,2020-12-31
없는,2020-12-31
수비드,2020-12-31
감사인사,2020-12-31
사이언스,2020-12-31
Freak,2020-12-31
ENTER,2020-12-31
알딸딸해,2020-12-31
자막,2020-12-31
YEARS,2020-12-31
청와대,2020-12-31
받을,2020-12-31
왔습니다,2020-12-31
보인,2020-12-31
도전하다,2020-12-31
없다,2020-12-31
원작자를,2020-12-31
깨어나다,2020-12-31
아파트,2020-12-31
Qu0026A,2020-12-31
너무,2020-12-31
입원중이신,2020-12-31
Dynamite,2020-12-31
세계에서,2020-12-31
작가,2020-12-31
엄마가,2020-12-31
Love,2020-12-31
VS,2020-12-31
기다리던,2020-12-31
Preview,2020-12-31
보물,2020-12-31
소식과,2020-12-31
짜장면탕수육,2020-12-31
있어,2020-12-31
정동원이,2020-12-31
STOP,2020-12-31
투자의,2020-12-31
사라졌다,2020-12-31
리프팅,2020-12-31
ft일본갈때,2020-12-31
수육,2020-12-31
환호하는,2020-12-31
Kids,2020-12-31
미쳤다ㄷㄷ,2020-12-31
뜨뜨뜨뜨님,2020-12-31
드디어,2020-12-31
부식,2020-12-31
암컷,2020-12-31
최종확정,2020-12-31
연기,2020-12-31
출소했다,2020-12-31
소식을,2020-12-31
🍜라면을,2020-12-31
u0026,2020-12-31
어떻게,2020-12-31
국대,2020-12-31
BTS,2020-12-31
언제부터,2020-12-31
남편,2020-12-31
하울,2020-12-31
방탄소년단BTS,2020-12-31
20201219,2020-12-31
feat충신인가,2020-12-31
효율,2020-12-31
DAEGUsbs,2020-12-31
찾기,2020-12-31
다큐프라임,2020-12-31
큐바노,2020-12-31
토크🐆💥,2020-12-31
US,2020-12-31
참교육하고,2020-12-31
food,2020-12-31
bj박민정님ㅋㅋㅋㅋㅋㅋㅋㅋㅋ,2020-12-31
EP18,2020-12-31
KPop,2020-12-31
EP44,2020-12-31
선공개,2020-12-31
EVE,2020-12-31
GIRIBOY,2020-12-31
깡패,2020-12-31
쳐무라,2020-12-31
질렀습니다,2020-12-31
경제,2020-12-31
MC들과,2020-12-31
TTT,2020-12-31
오래된,2020-12-31
최대,2020-12-31
Comedy,2020-12-31
감스트,2020-12-31
아리랑,2020-12-31
예능맛집X곱빼기미운우리새끼,2020-12-31
펀드,2020-12-31
집콕템,2020-12-31
duet,2020-12-31
스톱모션,2020-12-31
TV조선조이,2020-12-31
생크림케익,2020-12-31
대박날,2020-12-31
ㅜㅜ언니는,2020-12-31
진정시키는,2020-12-31
생일에,2020-12-31
2021NYEL,2020-12-31
연속듣기❤,2020-12-31
통합편,2020-12-31
다니자,2020-12-31
Big,2020-12-31
3차,2020-12-31
ME,2020-12-31
연어,2020-12-31
아무도,2020-12-31
히토미,2020-12-31
진돗개의,2020-12-31
뜨끈하고,2020-12-31
재료공학자,2020-12-31
이노래는,2020-12-31
막춤,2020-12-31
TVPP,2020-12-31
에일리님,2020-12-31
Music,2020-12-31
factory,2020-12-31
ON,2020-12-31
아파트에서의,2020-12-31
탐나는,2020-12-31
Loco,2020-12-31
짐싸기,2020-12-31
예능맛집X곱빼기골목식당,2021-1-4
바꾸자,2021-1-4
잘못인가요악플,2021-1-4
귀엽다,2021-1-4
배종옥,2021-1-4
무대,2021-1-4
대환장,2021-1-4
SOUNDASMR,2021-1-4
MBC,2021-1-4
어몽어스,2021-1-4
박진영,2021-1-4
크기,2021-1-4
실력,2021-1-4
출소했다,2021-1-4
부모님이,2021-1-4
모먼트,2021-1-4
푸짐한,2021-1-4
오셨습니다,2021-1-4
노래,2021-1-4
새끼,2021-1-4
전세계,2021-1-4
범띠,2021-1-4
핸드폰,2021-1-4
최근,2021-1-4
히밥,2021-1-4
for,2021-1-4
출산은,2021-1-4
예능맛ZIP,2021-1-4
Feat,2021-1-4
가수를,2021-1-4
30호의,2021-1-4
100호,2021-1-4
찐으로,2021-1-4
컬투쇼,2021-1-4
VR좀비,2021-1-4
2화,2021-1-4
터짐,2021-1-4
않습니다,2021-1-4
흑역사,2021-1-4
만에,2021-1-4
운세,2021-1-4
연어,2021-1-4
Sushi,2021-1-4
했었던,2021-1-4
밥묵자,2021-1-4
보미의,2021-1-4
혼술먹방,2021-1-4
오늘이,2021-1-4
성악전공자가,2021-1-4
영탁의,2021-1-4
미란이,2021-1-4
ㅋㅋㅋㅋ,2021-1-4
저희집에,2021-1-4
with,2021-1-4
무서운,2021-1-4
제야의,2021-1-4
스콜피온,2021-1-4
사줬을때,2021-1-4
Backstreet,2021-1-4
ANIMATION,2021-1-4
현진Stray,2021-1-4
폰을,2021-1-4
놀랍네요ㄷㄷ,2021-1-4
압박이,2021-1-4
나로,2021-1-4
남자머리,2021-1-4
vs,2021-1-4
마지막,2021-1-4
어떻게,2021-1-4
산후조리원에서,2021-1-4
초보,2021-1-4
진돗개,2021-1-4
왔었어야만,2021-1-4
철인왕후,2021-1-4
ODG,2021-1-4
수컷,2021-1-4
퍼거슨,2021-1-4
기싸움,2021-1-4
Bang,2021-1-4
원영아이즈원,2021-1-4
감스트,2021-1-4
몸을,2021-1-4
평생,2021-1-4
꿀잼,2021-1-4
본다면,2021-1-4
질문,2021-1-4
처음부터,2021-1-4
넣어봤습니다ㅋㅋㅋㅋ,2021-1-4
성교육,2021-1-4
신혜선,2021-1-4
만난,2021-1-4
진짜,2021-1-4
이노래는,2021-1-4
KBS,2021-1-4
마음고생이,2021-1-4
201229,2021-1-4
받고온,2021-1-4
봤거든😊,2021-1-4
2탄,2021-1-4
지금까지,2021-1-4
못한,2021-1-4
201221,2021-1-4
토트넘,2021-1-4
to,2021-1-4
갓잡은클립,2021-1-4
Mandu,2021-1-4
MBC방송연예대상,2021-1-4
세상,2021-1-4
͜ʖ,2021-1-4
동충하초,2021-1-4
초등학생,2021-1-4
손흥민의,2021-1-4
feat,2021-1-4
비주얼,2021-1-4
패널티킥,2021-1-4
대박나는,2021-1-4
다해,2021-1-4
양띠,2021-1-4
남겨진,2021-1-4
유지,2021-1-4
EP19,2021-1-4
뭐야,2021-1-4
샾잉,2021-1-4
속마음,2021-1-4
모먼트TVPP,2021-1-4
옛능,2021-1-4
대왕대비,2021-1-4
영상툰,2021-1-4
1위,2021-1-4
방송,2021-1-4
외롭네요,2021-1-4
하수구가,2021-1-4
만드는,2021-1-4
포착한,2021-1-4
몰래,2021-1-4
호피무늬,2021-1-4
달던,2021-1-4
바람,2021-1-4
오유진,2021-1-4
삼촌들,2021-1-4
외국인인,2021-1-4
용띠,2021-1-4
김범수,2021-1-4
하이라이트,2021-1-4
안열리는,2021-1-4
그냥,2021-1-4
또식당,2021-1-4
2012,2021-1-4
알딸딸해,2021-1-4
쥐띠,2021-1-4
“무한상사,2021-1-4
Eng서울대,2021-1-4
기회,2021-1-4
★십10잡스★,2021-1-4
u0026,2021-1-4
처음으로,2021-1-4
여자들이,2021-1-4
LEGO,2021-1-4
덮죽집,2021-1-4
미라,2021-1-4
초밥집,2021-1-4
정과장u0026박차장,2021-1-4
신혜선은,2021-1-4
숙취,2021-1-4
🔥도전🔥을,2021-1-4
새해맞이,2021-1-4
현장,2021-1-4
영혼,2021-1-4
360도,2021-1-4
먹어야,2021-1-4
취저,2021-1-4
일반,2021-1-4
시집,2021-1-4
가요대제전,2021-1-4
펜트하우스를,2021-1-4
연기대상,2021-1-4
분노하게,2021-1-4
방법,2021-1-4
스무살,2021-1-4
서준이니까,2021-1-4
YouTube,2021-1-4
입문,2021-1-4
대왕한치는,2021-1-4
Japchae,2021-1-4
1등,2021-1-4
2021,2021-1-4
기억,2021-1-4
긴급점검,2021-1-4
14F,2021-1-4
영양제들,2021-1-4
마술사가,2021-1-4
버팀했다,2021-1-4
오픈하였습니다,2021-1-4
강산에,2021-1-4
신혜선❣,2021-1-4
시구,2021-1-4
1년,2021-1-4
슈퍼,2021-1-4
여기,2021-1-4
잃고,2021-1-4
201230,2021-1-4
무조건,2021-1-4
제대로,2021-1-4
보신각,2021-1-4
201231,2021-1-4
찾아오셨습니다,2021-1-4
하이라이트SPORTSTIME,2021-1-4
김종국연봉500원,2021-1-4
지연수,2021-1-4
상남자들의,2021-1-4
맛있어졌어요,2021-1-4
시니어들을,2021-1-4
공개★,2021-1-4
사쿠란보를,2021-1-4
비x박진영,2021-1-4
흙수저,2021-1-4
연세대,2021-1-4
싱겁다,2021-1-4
백만뷰,2021-1-4
ITZY,2021-1-4
나얼,2021-1-4
포항,2021-1-4
딸을,2021-1-4
동생이,2021-1-4
접수🔥,2021-1-4
깡패,2021-1-4
Switch,2021-1-4
역사스페셜,2021-1-4
1편,2021-1-4
짓게,2021-1-4
성적인,2021-1-4
subep92,2021-1-4
친구썰ㄷㄷㄷㄷ😡사연툰,2021-1-4
트롯전국체전,2021-1-4
소년,2021-1-4
감독이,2021-1-4
놀러왔어요,2021-1-4
없었다,2021-1-4
ME,2021-1-4
만들었던,2021-1-4
한국으로,2021-1-4
이리,2021-1-4
300년,2021-1-4
할까요,2021-1-4
2021년,2021-1-4
반응,2021-1-4
히밥VS여우골,2021-1-4
외국,2021-1-4
뱀띠,2021-1-4
2부,2021-1-4
동충이의,2021-1-4
연습,2021-1-4
필름,2021-1-4
부자될,2021-1-4
등장,2021-1-4
애니메이션,2021-1-4
람보르기니,2021-1-4
예능으로,2021-1-4
원숭이띠,2021-1-4
흑우해왔습니다,2021-1-4
수라간에서,2021-1-4
정리해드릴게요,2021-1-4
해야,2021-1-4
찢을거야,2021-1-4
공릉,2021-1-4
34,2021-1-4
JYP,2021-1-4
야구,2021-1-4
조심,2021-1-4
이해하면,2021-1-4
5위,2021-1-4
국힙,2021-1-4
1부,2021-1-4
레전드,2021-1-4
찐이야＞♪,2021-1-4
여신강림,2021-1-4
있지,2021-1-4
범수의,2021-1-4
여동생,2021-1-4
기념,2021-1-4
원탑까지,2021-1-4
3mc를,2021-1-4
大공개↗,2021-1-4
Ep4,2021-1-4
문가영ㅋㅋ,2021-1-4
MV,2021-1-4
빠뜨린,2021-1-4
사장님께서,2021-1-4
백만뷰PICK,2021-1-4
하녀취급하는,2021-1-4
고3,2021-1-4
고기남자의,2021-1-4
1月의,2021-1-4
박진영x비의,2021-1-4
이무이시리즈오싹툰림툰,2021-1-4
먹방,2021-1-4
엄마사유리7화,2021-1-4
인기있는,2021-1-4
신병,2021-1-4
신년특집,2021-1-4
2020년,2021-1-4
릴리세은,2021-1-4
VS,2021-1-4
Pray,2021-1-4
엄마,2021-1-4
레전드의,2021-1-4
얼굴에,2021-1-4
만들수밖에,2021-1-4
보낸,2021-1-4
표현들,2021-1-4
님이,2021-1-4
아이유의,2021-1-4
한국의,2021-1-4
진돗개를,2021-1-4
세계,2021-1-4
MOTIONHELP,2021-1-4
만나다,2021-1-4
미쳤던,2021-1-4
20201219,2021-1-4
분석,2021-1-4
80세,2021-1-4
2020,2021-1-4
트로트,2021-1-4
차이를,2021-1-4
커버,2021-1-4
스톱모션,2021-1-4
유일의,2021-1-4
MUKBANGEATING,2021-1-4
니키,2021-1-4
남친,2021-1-4
에이핑크,2021-1-4
속옷,2021-1-4
🍜라면을,2021-1-4
연예대상,2021-1-4
암컷,2021-1-4
원작자를,2021-1-4
촬영,2021-1-4
써서,2021-1-4
🎤임나박이,2021-1-4
짖자,2021-1-4
찐웃음,2021-1-4
강아지가,2021-1-4
온라인,2021-1-4
이렇게,2021-1-4
메뉴까지,2021-1-4
띠별운세,2021-1-4
중독자,2021-1-4
REAL,2021-1-4
권재관,2021-1-4
악성댓글,2021-1-4
이야기,2021-1-4
크리에이터,2021-1-4
혼돈에,2021-1-4
다시,2021-1-4
restaurant,2021-1-4
새해엔,2021-1-4
RunningMan,2021-1-4
폭발,2021-1-4
신용불량자,2021-1-4
와플을,2021-1-4
사연,2021-1-4
무개념,2021-1-4
앞에서,2021-1-4
되기,2021-1-4
Kids,2021-1-4
로또,2021-1-4
아카데미,2021-1-4
번의,2021-1-4
팔레트에,2021-1-4
황인엽,2021-1-4
무도,2021-1-4
떡만두국,2021-1-4
제맛입니다,2021-1-4
RAIN,2021-1-4
최초,2021-1-4
이용권을,2021-1-4
단축키,2021-1-4
닭띠,2021-1-4
그렇지,2021-1-4
천재,2021-1-4
영상,2021-1-4
뒤돌아봤는데,2021-1-4
이런,2021-1-4
ENJPCNID,2021-1-4
강아지,2021-1-4
Queen,2021-1-4
웃음주의,2021-1-4
축하무대,2021-1-4
월드스타,2021-1-4
실화냐,2021-1-4
비밀,2021-1-4
남편에게,2021-1-4
웃기고,2021-1-4
EP18,2021-1-4
AMONG,2021-1-4
방송사고가,2021-1-4
EP102,2021-1-4
골장면,2021-1-4
언제까지어깨춤을추게할거야,2021-1-4
하나뿐인,2021-1-4
2020년은,2021-1-4
존버존중하며,2021-1-4
Bang♪｜싱어게인｜JTBC,2021-1-4
동거인,2021-1-4
파티,2021-1-4
김강민x킹기훈,2021-1-4
마술을,2021-1-4
띠별,2021-1-4
깨어나다,2021-1-4
골목식당BackStreet,2021-1-4
양보없는,2021-1-4
고독하구만,2021-1-4
SHOW,2021-1-4
300만원짜리,2021-1-4
급락장,2021-1-4
놀란,2021-1-4
술집,2021-1-4
터졌다,2021-1-4
재생,2021-1-4
27년,2021-1-4
노가다,2021-1-4
모습,2021-1-4
한순간에,2021-1-4
절대,2021-1-4
me,2021-1-4
새댁이,2021-1-4
owner,2021-1-4
팔레트,2021-1-4
실패했어요더,2021-1-4
김종국이,2021-1-4
끝까지,2021-1-4
영어로,2021-1-4
증말ft,2021-1-4
Tteokguk,2021-1-4
무료,2021-1-4
끊겼어를,2021-1-4
사유리TV,2021-1-4
새해에는,2021-1-4
일본,2021-1-4
사랑스럽고,2021-1-4
신년운세,2021-1-4
풀버전,2021-1-4
이유,2021-1-4
골목,2021-1-4
이기는,2021-1-4
살려줘,2021-1-4
오징어,2021-1-4
물자창고,2021-1-4
칠면조,2021-1-4
모델,2021-1-4
duet,2021-1-4
심했을,2021-1-4
진행하지,2021-1-4
Music,2021-1-4
총몇명,2021-1-4
싸이,2021-1-4
💎아형리미티드💎,2021-1-4
난감한,2021-1-4
인기,2021-1-4
있는,2021-1-4
소띠,2021-1-4
여자,2021-1-4
With,2021-1-4
레고,2021-1-4
손흥민,2021-1-4
외국인,2021-1-4
TVPP,2021-1-4
이찬원,2021-1-4
기상천외한,2021-1-4
무대를,2021-1-4
리얼먹방,2021-1-4
US,2021-1-4
͡°,2021-1-4
가수들의,2021-1-4
1탄,2021-1-4
시즌비시즌,2021-1-4
TV,2021-1-4
소녀,2021-1-4
좋아하는,2021-1-4
착한,2021-1-4
노래로,2021-1-4
만든,2021-1-4
좋지,2021-1-4
바닷가,2021-1-4
있어,2021-1-4
아이돌,2021-1-4
샤워가,2021-1-4
망가뜨리는,2021-1-4
백반집,2021-1-4
고소하다를,2021-1-4
하고,2021-1-4
가능하다,2021-1-4
히어로부터,2021-1-4
Chitty,2021-1-4
자막,2021-1-4
있다면,2021-1-4
Artists,2021-1-4
행동,2021-1-4
뮤비,2021-1-4
MBC120114방송,2021-1-4
에일리님이,2021-1-4
행사는,2021-1-4
청춘의,2021-1-4
혼술,2021-1-4
잡았습니다,2021-1-4
당첨운이,2021-1-4
읽기,2021-1-4
번역기,2021-1-4
열일하는,2021-1-4
전설의,2021-1-4
티키타카👊,2021-1-4
에일리님,2021-1-4
EP4,2021-1-4
별명,2021-1-4
신청해,2021-1-4
선제,2021-1-4
셰프,2021-1-4
신축년,2021-1-4
사장님,2021-1-4
푸념,2021-1-4
시리즈,2021-1-4
악플러,2021-1-4
집콕,2021-1-4
️핫클립️,2021-1-4
말입니다,2021-1-4
충격받은,2021-1-4
진정시키는,2021-1-4
수라간,2021-1-4
실제,2021-1-4
역시,2021-1-4
음주브이로그,2021-1-4
답답한,2021-1-4
인생,2021-1-4
유도에,2021-1-4
안무,2021-1-4
한국에,2021-1-4
첫연애,2021-1-4
젊은,2021-1-4
청와대,2021-1-4
실은,2021-1-4
마세요,2021-1-4
손자의,2021-1-4
사장님의,2021-1-4
＜꼰대라떼,2021-1-4
EP114충격모든,2021-1-4
RAIN비,2021-1-4
Mr,2021-1-4
도중,2021-1-4
놀라운,2021-1-4
그저,2021-1-4
귀엽고,2021-1-4
원곡,2021-1-4
잡채★,2021-1-4
화제,2021-1-4
없었던,2021-1-4
먹지,2021-1-4
리즈,2021-1-4
주의,2021-1-4
동영상,2021-1-4
런닝맨,2021-1-4
시절,2021-1-4
STOP,2021-1-4
타종행사,2021-1-4
게이밍체어를,2021-1-4
모셨습니다,2021-1-4
말았습니다,2021-1-4
Heebab,2021-1-4
체험,2021-1-4
상자에,2021-1-4
되는,2021-1-4
현재더보이즈,2021-1-4
걸고,2021-1-4
2🎤,2021-1-4
심사위원들을,2021-1-4
토끼띠,2021-1-4
한양대,2021-1-4
진돗개의,2021-1-4
이겨보라고,2021-1-4
SBS,2021-1-13
테마,2021-1-13
롤러블,2021-1-13
영상,2021-1-13
보내기🍱,2021-1-13
오페라,2021-1-13
LvBeethoven,2021-1-13
먹어버리는,2021-1-13
아이콘택트,2021-1-13
현대차가,2021-1-13
HWAA,2021-1-13
자격,2021-1-13
리트,2021-1-13
4륜,2021-1-13
Official,2021-1-13
막차를,2021-1-13
폭설에,2021-1-13
양배추,2021-1-13
생활용품,2021-1-13
201231,2021-1-13
자막,2021-1-13
펜트하우스2,2021-1-13
사연,2021-1-13
30호의,2021-1-13
밖에지창욱X박민영,2021-1-13
소리꾼,2021-1-13
모습을,2021-1-13
찾아온,2021-1-13
엄청,2021-1-13
박소영,2021-1-13
하는거구나,2021-1-13
단축키,2021-1-13
만들기,2021-1-13
통째로,2021-1-13
구출하기후륜차량,2021-1-13
먹방,2021-1-13
【좋좋소,2021-1-13
VR좀비,2021-1-13
수진,2021-1-13
팔지,2021-1-13
EP115소름주의두,2021-1-13
요령,2021-1-13
미스터리,2021-1-13
시비를,2021-1-13
게스트,2021-1-13
빠뜨린,2021-1-13
칸초네🎶🎵,2021-1-13
자산가에서,2021-1-13
무한리필,2021-1-13
신곡,2021-1-13
중소형주를,2021-1-13
드러낸,2021-1-13
CHOSUN,2021-1-13
Music,2021-1-13
몰카,2021-1-13
의절한,2021-1-13
24시간,2021-1-13
200110,2021-1-13
주식은,2021-1-13
그만해,2021-1-13
새끼,2021-1-13
50인분,2021-1-13
잡채3kg,2021-1-13
환호,2021-1-13
7000원,2021-1-13
좋소기업,2021-1-13
현대자동차,2021-1-13
여자아이들xa0xa0화火花,2021-1-13
절망편,2021-1-13
꼭대기,2021-1-13
❤미스트롯2,2021-1-13
놀라지마세요,2021-1-13
레전드,2021-1-13
100억,2021-1-13
시네마틱,2021-1-13
김래원😱,2021-1-13
첫방송펜트하우스2Penthouse2SBS,2021-1-13
잃고,2021-1-13
견제하는,2021-1-13
ft그로쓰힐자산운용,2021-1-13
Adagio,2021-1-13
xa0미연,2021-1-13
집에,2021-1-13
와서,2021-1-13
드디어,2021-1-13
change,2021-1-13
최고,2021-1-13
납치된,2021-1-13
Practice,2021-1-13
와도,2021-1-13
처음이네놀람,2021-1-13
핫도그TV입니다,2021-1-13
공개,2021-1-13
로스터를,2021-1-13
부티나는,2021-1-13
밝혀진,2021-1-13
Video,2021-1-13
있다,2021-1-13
소갈비찜6kg,2021-1-13
먹었어,2021-1-13
Black,2021-1-13
MEDIA,2021-1-13
안녕하세요,2021-1-13
무도,2021-1-13
me,2021-1-13
살아남는,2021-1-13
한국어,2021-1-13
놓치지마라,2021-1-13
엔진오일,2021-1-13
한일커플국제커플,2021-1-13
과연,2021-1-13
ㅋㅋㅋㅋ,2021-1-13
볶음밥까지,2021-1-13
좋지,2021-1-13
중심,2021-1-13
비밀,2021-1-13
일단,2021-1-13
다시,2021-1-13
정소이,2021-1-13
쉽고,2021-1-13
현지,2021-1-13
그러나,2021-1-13
많이,2021-1-13
바람,2021-1-13
with,2021-1-13
드라마,2021-1-13
병맛노래,2021-1-13
Techwear,2021-1-13
10만원,2021-1-13
분석,2021-1-13
노트북에서,2021-1-13
밀착,2021-1-13
Major,2021-1-13
모델,2021-1-13
클래식,2021-1-13
아직,2021-1-13
수다역시,2021-1-13
소개해줬더니ft아바타소개팅,2021-1-13
지연수,2021-1-13
오기만,2021-1-13
feat은퇴,2021-1-13
Artists,2021-1-13
상반기,2021-1-13
동물농장,2021-1-13
시즌비시즌,2021-1-13
유산균,2021-1-13
조인성비서광수,2021-1-13
Story,2021-1-13
실력공개하는,2021-1-13
EATING,2021-1-13
히밥이가,2021-1-13
210111,2021-1-13
역대급,2021-1-13
엄마사유리8화,2021-1-13
얼마나,2021-1-13
박진영,2021-1-13
프랑스,2021-1-13
헬스장,2021-1-13
오너로써,2021-1-13
폭설이,2021-1-13
3D펜으로,2021-1-13
️핫클립️,2021-1-13
aespa,2021-1-13
My,2021-1-13
특종세상,2021-1-13
🍳히밥세끼🍳,2021-1-13
ft삼프로TV,2021-1-13
점프대,2021-1-13
나로,2021-1-13
루틴,2021-1-13
최경영의,2021-1-13
Animal,2021-1-13
160,2021-1-13
1년동안,2021-1-13
EP114충격모든,2021-1-13
정통,2021-1-13
EP271,2021-1-13
배고파하는,2021-1-13
꿀팁눈길,2021-1-13
용자,2021-1-13
최홍림,2021-1-13
이탈리아,2021-1-13
신용불량자,2021-1-13
유튜브,2021-1-13
불어올,2021-1-13
가요,2021-1-13
승자는,2021-1-13
사회는,2021-1-13
티저,2021-1-13
지금,2021-1-13
재회,2021-1-13
제발,2021-1-13
혁신일까,2021-1-13
그리고,2021-1-13
Dance,2021-1-13
소연,2021-1-13
하루,2021-1-13
클래식앨범,2021-1-13
동충하초,2021-1-13
옆에서,2021-1-13
사도,2021-1-13
바쁜,2021-1-13
본다면,2021-1-13
무더기로,2021-1-13
장항준,2021-1-13
나와,2021-1-13
처음하는,2021-1-13
대형주,2021-1-13
대표,2021-1-13
것들,2021-1-13
여자친구를,2021-1-13
왕비,2021-1-13
동영상,2021-1-13
KBS,2021-1-13
이야기,2021-1-13
vs,2021-1-13
MV,2021-1-13
백구의,2021-1-13
문신돼지가,2021-1-13
JYP,2021-1-13
결과,2021-1-13
등반하자는,2021-1-13
VS,2021-1-13
걱정,2021-1-13
두부요리,2021-1-13
알아야,2021-1-13
201221,2021-1-13
김래원홍인규vs,2021-1-13
어몽어스,2021-1-13
경제쇼,2021-1-13
GIDLE,2021-1-13
Performance,2021-1-13
만난,2021-1-13
카운터,2021-1-13
김용진의,2021-1-13
사진이,2021-1-13
후배,2021-1-13
총몇명,2021-1-13
진담,2021-1-13
DRAMA,2021-1-13
심사위원들을,2021-1-13
준비했습니다,2021-1-13
Favorite,2021-1-13
양부모,2021-1-13
몰래카메라3탄,2021-1-13
선점하라,2021-1-13
묻지마,2021-1-13
파이널판타지14,2021-1-13
스마트폰,2021-1-13
쐐기골,2021-1-13
AMONG,2021-1-13
EP12,2021-1-13
젊은,2021-1-13
2020,2021-1-13
롤러블폰,2021-1-13
컬처온TV,2021-1-13
순댓국,2021-1-13
45RPM,2021-1-13
젠의,2021-1-13
실제,2021-1-13
5편,2021-1-13
단지,2021-1-13
김태홍,2021-1-13
Stirfried,2021-1-13
서운한점,2021-1-13
손님,2021-1-13
갈수밖에,2021-1-13
미국에서,2021-1-13
출연,2021-1-13
체험시켜주기,2021-1-13
깜짝,2021-1-13
여성,2021-1-13
TV,2021-1-13
인생,2021-1-13
가요대제전,2021-1-13
문소리,2021-1-13
심야신당을,2021-1-13
야유와,2021-1-13
오페라의,2021-1-13
30년,2021-1-13
물자창고,2021-1-13
빨랐던,2021-1-13
에스파,2021-1-13
우기,2021-1-13
Mamba,2021-1-13
범죄심리학에서,2021-1-13
이유는👍🚗🎁,2021-1-13
헐값에,2021-1-13
relationship,2021-1-13
언박싱,2021-1-13
조선,2021-1-13
의외로,2021-1-13
스키,2021-1-13
목표🧧오코노미야끼,2021-1-13
만들기도,2021-1-13
NO,2021-1-13
일까요,2021-1-13
김래원,2021-1-13
T1,2021-1-13
두부,2021-1-13
절대,2021-1-13
조정,2021-1-13
먹어버렸다,2021-1-13
포르쉐,2021-1-13
웅이ㅋㅋㅋㅋㅋㅋㅋㅋㅋㅋㅋ웅이,2021-1-13
정체를,2021-1-13
팝니다,2021-1-13
영상을,2021-1-13
김수민,2021-1-13
빙판길에,2021-1-13
With,2021-1-13
주식투자,2021-1-13
메이킹,2021-1-13
연쇄,2021-1-13
부장,2021-1-13
재생,2021-1-13
직캠손흥민,2021-1-13
눈이,2021-1-13
왕비로,2021-1-13
풀버전,2021-1-13
Clip,2021-1-13
폭탄,2021-1-13
SUB핵공감커플연애유형모음,2021-1-13
36,2021-1-13
Special,2021-1-13
TOP,2021-1-13
마린,2021-1-13
빨간내복야코,2021-1-13
MBN,2021-1-13
왕서방의,2021-1-13
옛능,2021-1-13
반역자,2021-1-13
7일만,2021-1-13
여기서,2021-1-13
강희빈,2021-1-13
최악의,2021-1-13
물어온,2021-1-13
오태식,2021-1-13
않았다,2021-1-13
두부볶음,2021-1-13
경이로운소문,2021-1-13
유깻잎,2021-1-13
NEWSTER,2021-1-13
기다렸어요,2021-1-13
해금,2021-1-13
TV동물농장,2021-1-13
보유자는,2021-1-13
사유리와,2021-1-13
화火花HWAA,2021-1-13
이번엔,2021-1-13
No,2021-1-13
이현배,2021-1-13
Ep02】,2021-1-13
한순간에,2021-1-13
만나면,2021-1-13
다이어터,2021-1-13
5kg를,2021-1-13
앨범,2021-1-13
곱창집,2021-1-13
EP20,2021-1-13
주어진,2021-1-13
ver,2021-1-13
운전,2021-1-13
히밥아,2021-1-13
이곳에,2021-1-13
쇼핑스키야끼,2021-1-13
컬처온TV김호중,2021-1-13
highlight,2021-1-13
2012,2021-1-13
일상,2021-1-13
나름이,2021-1-13
만들어서,2021-1-13
샹송,2021-1-13
기구,2021-1-13
우는,2021-1-13
방송선공개,2021-1-13
1년,2021-1-13
뜯어봤더니,2021-1-13
김보빈,2021-1-13
몰카ENG53살인,2021-1-13
미끄러지는,2021-1-13
김호중,2021-1-13
풀셋트,2021-1-13
떡국,2021-1-13
미선이네👩u200d🍳,2021-1-13
나타나는,2021-1-13
골프,2021-1-13
팬들,2021-1-13
민니,2021-1-13
명의,2021-1-13
혼돈에,2021-1-13
인기,2021-1-13
얼음을,2021-1-13
MKTV특별영상,2021-1-13
이날이,2021-1-13
돼지의삶,2021-1-13
내려,2021-1-13
나온다면ㅋㅋㅋㅋft개그우먼,2021-1-13
질투하는,2021-1-13
괜찮은,2021-1-13
오늘,2021-1-13
12,2021-1-13
뮤지컬,2021-1-13
임찬규편,2021-1-13
전기톱으로,2021-1-13
소리로,2021-1-13
동작,2021-1-13
RAIN비,2021-1-13
그림자처럼,2021-1-13
말고,2021-1-13
골장면,2021-1-13
SUB,2021-1-13
K알리오올리오,2021-1-13
유럽의,2021-1-13
되돌아간,2021-1-13
리액션,2021-1-13
오밤중,2021-1-13
힐러의,2021-1-13
4화❤,2021-1-13
배우,2021-1-13
신과함께,2021-1-13
촬영중,2021-1-13
칠흑의,2021-1-13
같아요,2021-1-13
감소의,2021-1-13
보디빌더,2021-1-13
아들,2021-1-13
CTV,2021-1-13
그저,2021-1-13
취중,2021-1-13
【클린버전】,2021-1-13
쯔양,2021-1-13
SHOW,2021-1-13
경계하라,2021-1-13
건다면,2021-1-13
love,2021-1-13
“무한상사,2021-1-13
파산까지,2021-1-13
수락산,2021-1-13
벤츠,2021-1-13
미친,2021-1-13
성민지,2021-1-13
족발에,2021-1-13
무대,2021-1-13
스페셜연주자,2021-1-13
너무,2021-1-13
충격적인,2021-1-13
Farm,2021-1-13
스타일,2021-1-13
뚫었더니,2021-1-13
김호중순수청년의,2021-1-13
염승환,2021-1-13
교차,2021-1-13
될까요,2021-1-13
올라가봤습니다,2021-1-13
충격적,2021-1-13
SUB95노원,2021-1-13
소용없는,2021-1-13
친구야👋,2021-1-13
한국,2021-1-13
친구를,2021-1-13
폭설,2021-1-13
만들어보세요,2021-1-13
클라쓰│조선시대,2021-1-13
개그맨,2021-1-13
되려면,2021-1-13
진실,2021-1-13
업고,2021-1-13
트바로티,2021-1-13
II리뷰,2021-1-13
조정의,2021-1-13
극복하는,2021-1-13
엄청납니다,2021-1-13
개업하고,2021-1-13
로맨스2,2021-1-13
따라잡기5,2021-1-13
영혼을,2021-1-13
중에,2021-1-13
방송,2021-1-13
없었던,2021-1-13
Sonata,2021-1-13
소장각👍,2021-1-13
입양,2021-1-13
차분하게,2021-1-13
MUKBANG,2021-1-13
새해,2021-1-13
단연코,2021-1-13
독일,2021-1-13
이래서,2021-1-13
종목은부자,2021-1-13
Shadowbringers,2021-1-13
210107,2021-1-13
주식초보가,2021-1-13
브렌트포드,2021-1-13
5년만에,2021-1-13
조병규에게,2021-1-13
219,2021-1-13
Qu0026A,2021-1-13
최초,2021-1-13
형이,2021-1-13
계속,2021-1-13
기대해도,2021-1-13
vlog,2021-1-13
xa0스페셜클립xa0xa0퍼포먼스xa0,2021-1-13
to,2021-1-13
신전떡볶이,2021-1-13
스피드만,2021-1-13
Bang♪｜싱어게인｜JTBC,2021-1-13
메인,2021-1-13
온다,2021-1-13
ㅋㅋㅋ,2021-1-13
새로운,2021-1-13
애니메이션,2021-1-13
해설,2021-1-13
feat장삐쭈,2021-1-13
국토부,2021-1-13
폐업,2021-1-13
정인이,2021-1-13
예능이랑,2021-1-13
tofu,2021-1-13
알게,2021-1-13
걸지마세요,2021-1-13
피아니스트,2021-1-13
7kg,2021-1-13
동안,2021-1-13
개소리다,2021-1-13
이하늘,2021-1-13
복수는,2021-1-13
만에,2021-1-13
한다운,2021-1-13
바꾸자,2021-1-13
손흥민의,2021-1-13
남자친구가,2021-1-13
Still,2021-1-13
화火花,2021-1-13
사유리TV,2021-1-13
씨네마운틴⛰,2021-1-13
EP05,2021-1-13
여자아이들GIDLE,2021-1-13
대결,2021-1-13
한지일,2021-1-13
래퍼,2021-1-13
그놈,2021-1-13
영신,2021-1-13
유경몬,2021-1-13
프로,2021-1-13
오너분,2021-1-13
LG,2021-1-13
출근,2021-1-13
전통가요,2021-1-13
다시보기,2021-1-13
알쏭달쏭,2021-1-13
아니었던,2021-1-13
25스마트스트림,2021-1-13
상황,2021-1-13
토트넘,2021-1-13
뭐야,2021-1-13
9개월만의,2021-1-13
1月의,2021-1-13
질투는,2021-1-13
시작되지,2021-1-13
남자가,2021-1-13
영하20도,2021-1-13
II,2021-1-13
7중,2021-1-13
찢었다,2021-1-13
연애초VS중VS말기,2021-1-13
김강민,2021-1-13
Kids,2021-1-13
직접,2021-1-13
6편KBS,2021-1-13
부장님이,2021-1-13
밝히지,2021-1-13
진짜,2021-1-13
피땀눈물,2021-1-13
일반,2021-1-13
티비,2021-1-13
모음집,2021-1-13
빅죠,2021-1-13
않아,2021-1-13
ENJPCNIDVN,2021-1-13
Bang,2021-1-13
한화솔루션,2021-1-13
도착,2021-1-13
돌아온,2021-1-13
하이라이트,2021-1-13
소개합니다,2021-1-13
아니죠,2021-1-13
8가지,2021-1-13
매수보다,2021-1-13
사망,2021-1-13
취재,2021-1-13
비교,2021-1-13
Piano,2021-1-13
유튜버,2021-1-13
Ver,2021-1-13
놀래키기,2021-1-13
손아섭,2021-1-13
GO,2021-1-13
반응,2021-1-13
스톡킹,2021-1-13
for,2021-1-13
Op2,2021-1-13
1112화,2021-1-13
이태리,2021-1-13
반찬,2021-1-13
대형견,2021-1-13
이유,2021-1-13
예슬이랑,2021-1-13
벤츠도,2021-1-13
친오빠를,2021-1-13
22시간을,2021-1-13
FC,2021-1-13
분량이,2021-1-13
MBC120121방송,2021-1-13
카라바오,2021-1-13
RAIN,2021-1-13
개깜놀,2021-1-13
Switch,2021-1-13
in,2021-1-13
존재감이었던,2021-1-13
클래식해설,2021-1-13
먹으며,2021-1-13
슈화,2021-1-13
꼰대의,2021-1-13
오페라피아니스트,2021-1-13
힐러Healer,2021-1-13
미녀여사친들,2021-1-13
2021,2021-1-13
토모집에서,2021-1-13
Be,2021-1-13
동생,2021-1-13
순간,2021-1-13
Chitty,2021-1-13
먹여봤어요,2021-1-13
버전,2021-1-13
아카데미,2021-1-13
최근,2021-1-13
빙수야,2021-1-13
먹을지,2021-1-13
생기는,2021-1-13
인터뷰,2021-1-13
케미폭발,2021-1-13
여자아이들,2021-1-13
합니다,2021-1-13
ONLINE,2021-1-13
염승환삼성전자,2021-1-13
드라이브를,2021-1-13
diffrent,2021-1-13
US,2021-1-13
SHOWCASE,2021-1-13
duet,2021-1-13
기다릴,2021-1-13
사장님,2021-1-13
ENG,2021-1-13
전유진,2021-1-13
등장Hoxy,2021-1-13
위해,2021-1-13
마음벨칸토,2021-1-13
일본인,2021-1-13
김동환,2021-1-13
신년,2021-1-13
ANIMATION,2021-1-13
밥반찬,2021-1-13
햇님의,2021-1-13
손하늘,2021-1-13
엔진을,2021-1-13
Songs,2021-1-13
칸초네,2021-1-13
유령은,2021-1-13
u0026,2021-1-13
비하인드경이로운소문,2021-1-13
목숨걸고,2021-1-13
마트,2021-1-13
효과는,2021-1-13
아직도,2021-1-13
MBC,2021-1-13
크리에이터,2021-1-13
way,2021-1-13
달라,2021-1-13
급락,2021-1-13
신병,2021-1-13
최초공개,2021-1-13
폭발했다,2021-1-13
몰라서,2021-1-13
엄마한테,2021-1-13
모습,2021-1-13
심리분석,2021-1-13
성민지화자좋다,2021-1-13
No3,2021-1-13
360도,2021-1-13
진돗개가,2021-1-13
주말에,2021-1-13
마세요,2021-1-13
추돌사고,2021-1-13
굴곡진,2021-1-13
가족사진,2021-1-13
현장,2021-1-13
삼성전자,2021-1-13
3화,2021-1-13
CES,2021-1-13
YouTube,2021-1-13
절임,2021-1-13
15℃,2021-1-20
Rosario,2021-1-20
스트롱,2021-1-20
박현주,2021-1-20
지금,2021-1-20
실화탐사대,2021-1-20
상처로,2021-1-20
Feat,2021-1-20
중에,2021-1-20
먹방,2021-1-20
50인분,2021-1-20
모성본능,2021-1-20
진짜꿀템다이소,2021-1-20
ENG,2021-1-20
놀라울,2021-1-20
애국심,2021-1-20
강아지들,2021-1-20
벽돌,2021-1-20
잘지내,2021-1-20
보내면,2021-1-20
에일리,2021-1-20
전원,2021-1-20
나와,2021-1-20
갤럭시,2021-1-20
병영일기,2021-1-20
물어온,2021-1-20
받기까지,2021-1-20
형이,2021-1-20
갑니다,2021-1-20
힐러Healer,2021-1-20
발열이,2021-1-20
EN,2021-1-20
핫드봐야지,2021-1-20
학대와,2021-1-20
원칙,2021-1-20
돌이킬,2021-1-20
1억,2021-1-20
Part,2021-1-20
귀촌,2021-1-20
재생,2021-1-20
나가라는,2021-1-20
동영상,2021-1-20
주단을,2021-1-20
보낸다,2021-1-20
Sang,2021-1-20
줄만,2021-1-20
2천으로,2021-1-20
승자는,2021-1-20
전력질주에서,2021-1-20
케미폭발,2021-1-20
ASMR,2021-1-20
MV,2021-1-20
만들기도,2021-1-20
40억을,2021-1-20
2021년,2021-1-20
미스터리,2021-1-20
25일,2021-1-20
캐나다를,2021-1-20
격리해제,2021-1-20
RunningMan,2021-1-20
집에,2021-1-20
양념장,2021-1-20
영상입니다,2021-1-20
대로,2021-1-20
그들의,2021-1-20
시청하면,2021-1-20
천둥이,2021-1-20
화火花,2021-1-20
양은,2021-1-20
【3匹のくま】練習中だよ♪,2021-1-20
봤습니다,2021-1-20
올랐다고,2021-1-20
전업투자자의,2021-1-20
코로코로,2021-1-20
사유리TV,2021-1-20
보고,2021-1-20
EP2,2021-1-20
Cam│SBS,2021-1-20
인생,2021-1-20
원주민의,2021-1-20
《제시의,2021-1-20
이유feat,2021-1-20
경기,2021-1-20
수영,2021-1-20
동충하초,2021-1-20
신기능,2021-1-20
YTN,2021-1-20
아기와,2021-1-20
엄청납니다,2021-1-20
해결,2021-1-20
S21,2021-1-20
잘나가던,2021-1-20
에일리님,2021-1-20
먹어버리는,2021-1-20
ONLINE,2021-1-20
풀영상,2021-1-20
자막,2021-1-20
통째로,2021-1-20
다주택자,2021-1-20
진담,2021-1-20
아들,2021-1-20
vs,2021-1-20
TV,2021-1-20
드디어,2021-1-20
High,2021-1-20
100인분,2021-1-20
욕망을,2021-1-20
쌍방이,2021-1-20
MEDIA,2021-1-20
작아지는,2021-1-20
배드민턴에서,2021-1-20
선미님,2021-1-20
무시무시한,2021-1-20
버리는,2021-1-20
Squid,2021-1-20
가난,2021-1-20
단축키,2021-1-20
취소,2021-1-20
김종봉,2021-1-20
분위기,2021-1-20
만들기,2021-1-20
연예인,2021-1-20
Story,2021-1-20
MBC210116방송,2021-1-20
대결,2021-1-20
주방다이소,2021-1-20
아기고양이고양이탐정,2021-1-20
면접보러,2021-1-20
전진,2021-1-20
여자아이들의,2021-1-20
굴러들어온,2021-1-20
6│없어질,2021-1-20
현대모비스,2021-1-20
S20과,2021-1-20
엄마의,2021-1-20
일반,2021-1-20
KBS,2021-1-20
for,2021-1-20
순수익까지,2021-1-20
에픽하이,2021-1-20
Stirfried,2021-1-20
주차요원,2021-1-20
비교해,2021-1-20
꿀팁,2021-1-20
왔습니다,2021-1-20
직캠4K,2021-1-20
집이라면,2021-1-20
히밥x웅이,2021-1-20
꼭대기,2021-1-20
아버지,2021-1-20
CL,2021-1-20
⏱MARK,2021-1-20
글로벌,2021-1-20
코스피,2021-1-20
Ep03】,2021-1-20
모르면,2021-1-20
돌보려고해요,2021-1-20
부부의,2021-1-20
가능한,2021-1-20
모조리,2021-1-20
1년,2021-1-20
야쿠르트,2021-1-20
진짜이,2021-1-20
3D펜으로,2021-1-20
폭탄,2021-1-20
이유는,2021-1-20
준비했습니다,2021-1-20
14F,2021-1-20
world,2021-1-20
결승골,2021-1-20
레전드,2021-1-20
NO,2021-1-20
잃은,2021-1-20
너는,2021-1-20
투자미팅,2021-1-20
뭐예요,2021-1-20
TV동물농장,2021-1-20
몰라서,2021-1-20
목소리에,2021-1-20
From,2021-1-20
강아지의,2021-1-20
100번째,2021-1-20
묶어낸,2021-1-20
추천템,2021-1-20
Ver,2021-1-20
요약,2021-1-20
점점,2021-1-20
참교육,2021-1-20
Jennie,2021-1-20
만숙포차에,2021-1-20
사이다,2021-1-20
클라스가,2021-1-20
불행을,2021-1-20
Again｜JTBC,2021-1-20
가정의,2021-1-20
True,2021-1-20
최악의,2021-1-20
자녀입니다,2021-1-20
있을까지창욱X박민영,2021-1-20
⏱JUNGWOO,2021-1-20
Official,2021-1-20
다이소,2021-1-20
잘가,2021-1-20
위해,2021-1-20
풀캠,2021-1-20
텃세,2021-1-20
여기서,2021-1-20
크리에이터,2021-1-20
친엄마,2021-1-20
사랑은,2021-1-20
ENTER,2021-1-20
Video,2021-1-20
사유리와,2021-1-20
YouTube,2021-1-20
배우,2021-1-20
갇혀버린,2021-1-20
동요가,2021-1-20
관한,2021-1-20
수빙수로부터,2021-1-20
30호,2021-1-20
미스트롯2,2021-1-20
회사에,2021-1-20
따위,2021-1-20
4화,2021-1-20
월세로,2021-1-20
지코,2021-1-20
찾아왔습니다,2021-1-20
Full,2021-1-20
양배추,2021-1-20
최고,2021-1-20
3000,2021-1-20
평생,2021-1-20
약속을,2021-1-20
EP20,2021-1-20
그리고,2021-1-20
필요,2021-1-20
여자아이들,2021-1-20
전유진,2021-1-20
Sub,2021-1-20
132만,2021-1-20
SK,2021-1-20
눈보라,2021-1-20
마트,2021-1-20
귀화한,2021-1-20
여자아이들GIDLE,2021-1-20
고객의,2021-1-20
121PM｜NCT,2021-1-20
움켜쥐는,2021-1-20
밥반찬,2021-1-20
단연코,2021-1-20
굴젓팀,2021-1-20
장윤정,2021-1-20
올림픽,2021-1-20
놀라운,2021-1-20
떠나보내야만,2021-1-20
영상,2021-1-20
소화해낼까요,2021-1-20
화火花HWAA,2021-1-20
“최애,2021-1-20
안녕,2021-1-20
19살에,2021-1-20
시골,2021-1-20
삼성,2021-1-20
korean,2021-1-20
리포트,2021-1-20
존잘,2021-1-20
비밀,2021-1-20
Hello,2021-1-20
공감의,2021-1-20
만나러,2021-1-20
하루,2021-1-20
그만해,2021-1-20
온Run,2021-1-20
인터뷰,2021-1-20
세입자,2021-1-20
처음으로,2021-1-20
On,2021-1-20
속에,2021-1-20
메시지넥스트엔터테인먼트비저너리,2021-1-20
무리뉴,2021-1-20
걱정,2021-1-20
show,2021-1-20
필요없어,2021-1-20
운명Dong,2021-1-20
영상편지,2021-1-20
이제,2021-1-20
GAB,2021-1-20
시즌비시즌,2021-1-20
오태식,2021-1-20
김래원,2021-1-20
SHOWCASE,2021-1-20
만남의,2021-1-20
“동구리,2021-1-20
새롭게,2021-1-20
곰세마리,2021-1-20
깔고♪,2021-1-20
소유,2021-1-20
이리,2021-1-20
북아메리카,2021-1-20
HEIZE,2021-1-20
순간,2021-1-20
위의,2021-1-20
제발,2021-1-20
만든,2021-1-20
가수,2021-1-20
오래써도,2021-1-20
회장과,2021-1-20
남은,2021-1-20
만들면,2021-1-20
엄마사유리8화,2021-1-20
활용꿀팁,2021-1-20
같아,2021-1-20
존못,2021-1-20
Kids,2021-1-20
투자,2021-1-20
케이윌,2021-1-20
200벌던,2021-1-20
반찬,2021-1-20
것이냐,2021-1-20
소장각👍,2021-1-20
공격포인트,2021-1-20
옆에서,2021-1-20
DRINKING,2021-1-20
야근,2021-1-20
살면서,2021-1-20
이건,2021-1-20
머쉬베놈X저스디스X그루비룸,2021-1-20
CAM,2021-1-20
시스템이다│부동산경매공부,2021-1-20
얘기,2021-1-20
그녀가,2021-1-20
좋아할,2021-1-20
했던,2021-1-20
다른,2021-1-20
US,2021-1-20
색상,2021-1-20
없는,2021-1-20
실사용,2021-1-20
두부요리,2021-1-20
풀버전,2021-1-20
왕서방의,2021-1-20
폭풍,2021-1-20
잃는다│등기부등본임차인대항력,2021-1-20
무대,2021-1-20
독보적,2021-1-20
미선이네👩u200d🍳,2021-1-20
박보영X이도현X박민영X김다미,2021-1-20
200922,2021-1-20
시작된,2021-1-20
24hr,2021-1-20
건물주,2021-1-20
SBS,2021-1-20
터키에서,2021-1-20
먹을지,2021-1-20
정도로,2021-1-20
말마다,2021-1-20
부동산경매는,2021-1-20
수락산,2021-1-20
버는,2021-1-20
반도체클라우드전기차,2021-1-20
한국인으로,2021-1-20
연일,2021-1-20
꿈꾸다│파란만장,2021-1-20
엄청,2021-1-20
짜릿해💙,2021-1-20
붕괴,2021-1-20
동물농장,2021-1-20
느낀,2021-1-20
하나로,2021-1-20
외신,2021-1-20
독립,2021-1-20
시끄러운,2021-1-20
데스매치에서,2021-1-20
수요기획,2021-1-20
히밥아,2021-1-20
쉽고,2021-1-20
루틴,2021-1-20
이야기,2021-1-20
패배한다,2021-1-20
마지막,2021-1-20
선택한,2021-1-20
운전,2021-1-20
않은,2021-1-20
위로와,2021-1-20
셰필드,2021-1-20
CODE,2021-1-20
리그,2021-1-20
로키산맥,2021-1-20
런닝맨,2021-1-20
핸즈온,2021-1-20
두둥등장,2021-1-20
코트를,2021-1-20
33화,2021-1-20
VR좀비,2021-1-20
가해자,2021-1-20
에이비식스,2021-1-20
만들어보세요,2021-1-20
오징어볶음,2021-1-20
이혼,2021-1-20
단독,2021-1-20
나는,2021-1-20
【좋좋소,2021-1-20
먹었어,2021-1-20
AB6IX,2021-1-20
종이호일,2021-1-20
몰랐죠,2021-1-20
구멍,2021-1-20
이주민과,2021-1-20
7가지,2021-1-20
알파고의,2021-1-20
가격논란에,2021-1-20
짜릿하다,2021-1-20
피하기스위트홈X웃소,2021-1-20
이유,2021-1-20
어게인18,2021-1-20
칭찬받는,2021-1-20
두부볶음,2021-1-20
가르쳐줬습니다,2021-1-20
런던올림픽,2021-1-20
골장면,2021-1-20
ㄹㅇ최최종mp4,2021-1-20
알바하다,2021-1-20
360도,2021-1-20
마음에,2021-1-20
신기한,2021-1-20
대낮,2021-1-20
할까│입지조사시세조사현장조사,2021-1-20
Based,2021-1-20
기자가,2021-1-20
ailee,2021-1-20
12PM｜NCT,2021-1-20
탈출하라,2021-1-20
당신꺼,2021-1-20
두부,2021-1-20
🔀랜덤픽,2021-1-20
백구의,2021-1-20
Music,2021-1-20
외국인,2021-1-20
젠의,2021-1-20
41부,2021-1-20
것들,2021-1-20
생활,2021-1-20
유재석이,2021-1-20
분석,2021-1-20
손흥민을,2021-1-20
쓸모있는,2021-1-20
RELAY,2021-1-20
귀촌하는,2021-1-20
취중,2021-1-20
GIDLE,2021-1-20
실화On,2021-1-20
과연,2021-1-20
히밥이가,2021-1-20
김래원홍인규vs,2021-1-20
애니메이션,2021-1-20
오열동상이몽2,2021-1-20
SOUNDS,2021-1-20
울트라,2021-1-20
보더콜리,2021-1-20
28살,2021-1-20
볶음요리,2021-1-20
이러다,2021-1-20
Eng,2021-1-20
트럭에서,2021-1-20
쇼터뷰,2021-1-20
한국,2021-1-20
해야,2021-1-20
Special,2021-1-20
집을,2021-1-20
끊임없는,2021-1-20
정신,2021-1-20
휘날리는,2021-1-20
주웠는데,2021-1-20
함께,2021-1-20
없으면,2021-1-20
작은영웅,2021-1-20
안방1열,2021-1-20
학폭,2021-1-20
130206,2021-1-20
YOUNG,2021-1-20
토트넘의,2021-1-20
ft,2021-1-20
염승환,2021-1-20
좋은,2021-1-20
7│부동산경매,2021-1-20
모먼트🔥｜18,2021-1-20
연애의맛대맛4,2021-1-20
사이다🔥,2021-1-20
주식투자,2021-1-20
출시된,2021-1-20
간부,2021-1-20
S21S21울트라,2021-1-20
다이어터,2021-1-20
영접하고,2021-1-20
배그,2021-1-20
실력공개하는,2021-1-20
쯔양,2021-1-20
ENJPCNIDVN,2021-1-20
1월,2021-1-20
손흥민,2021-1-20
행동,2021-1-20
8│문제,2021-1-20
만취,2021-1-20
연습중이예요,2021-1-20
AMONG,2021-1-20
누나와,2021-1-20
알바,2021-1-20
tofu,2021-1-20
HWAA,2021-1-20
부모님의,2021-1-20
사건실화,2021-1-20
아름다울,2021-1-20
갈등,2021-1-20
feat은퇴,2021-1-20
세계를,2021-1-20
ZICO,2021-1-20
통과하기,2021-1-20
봐야,2021-1-20
🎵야쿠르트,2021-1-20
금메달을,2021-1-20
매수,2021-1-20
본다면,2021-1-20
선곡이,2021-1-20
부장,2021-1-20
나만의,2021-1-20
feat,2021-1-20
Animal,2021-1-20
노노카2세,2021-1-20
5분만,2021-1-20
싱어게인singagain,2021-1-20
이겨내고,2021-1-20
CLEAR,2021-1-20
일단,2021-1-20
삼성전자,2021-1-20
먹는,2021-1-20
세금폭탄,2021-1-20
하나만,2021-1-20
Inkigayo20210117,2021-1-20
Artists,2021-1-20
아카데미,2021-1-20
주세요,2021-1-20
ep2,2021-1-20
인기,2021-1-20
골프,2021-1-20
주인에게,2021-1-20
감자튀김,2021-1-20
넘어,2021-1-20
나온,2021-1-20
38,2021-1-20
하는,2021-1-20
권리분석,2021-1-20
17일,2021-1-20
모먼트｜런,2021-1-20
돌직구,2021-1-20
박수,2021-1-20
최초,2021-1-20
감스트x박명수x하하,2021-1-20
방송,2021-1-20
다시보기,2021-1-20
절임,2021-1-20
등판함,2021-1-20
감독이,2021-1-20
동요,2021-1-20
백화점,2021-1-20
찾아가서,2021-1-20
이베스트증권,2021-1-20
u0026,2021-1-20
사람,2021-1-20
폭발,2021-1-20
모든,2021-1-20
마지막편KBS,2021-1-20
유산균,2021-1-20
공개,2021-1-20
매도,2021-1-20
아이디어는,2021-1-20
하이라이트,2021-1-20
강아지가,2021-1-20
불시착,2021-1-20
심장,2021-1-20
생각나는,2021-1-20
Epik,2021-1-20
돌아온,2021-1-20
숙식,2021-1-20
손흥민의,2021-1-20
유출되지,2021-1-20
오징어요리,2021-1-20
Farm,2021-1-20
예고,2021-1-20
ep85,2021-1-20
됩니다,2021-1-20
리뷰,2021-1-20
관건인데,2021-1-20
면허,2021-1-20
등갈비,2021-1-20
NOW,2021-1-20
이래요,2021-1-20
롱패딩으로,2021-1-20
바꾼,2021-1-20
내가,2021-1-20
타이밍,2021-1-20
성민지,2021-1-20
엘리트,2021-1-20
김래원😱,2021-1-20
2SBS,2021-1-20
아기를,2021-1-20
워크맨,2021-1-20
보면,2021-1-20
홈페이지,2021-1-20
22시간을,2021-1-20
GRUB,2021-1-20
토트넘,2021-1-20
먹을,2021-1-20
성능과,2021-1-20
포르쉐,2021-1-20
210114,2021-1-20
VS,2021-1-20
때까지,2021-1-20
Ep04】,2021-1-20
기관,2021-1-20
강아지를,2021-1-20
얼마나,2021-1-20
공개합니다,2021-1-20
드라마,2021-1-20
ANIMATION,2021-1-20
STAY,2021-1-20
누구나,2021-1-20
eating,2021-1-20
최근,2021-1-20
2가지,2021-1-20
너무,2021-1-20
효과는,2021-1-20
행복을,2021-1-20
괴물,2021-1-20
써먹는,2021-1-20
깔고,2021-1-20
부부,2021-1-20
영상을,2021-1-20
수준,2021-1-20
visionary,2021-1-20
알았던,2021-1-20
바쁜,2021-1-20
mukbang,2021-1-20
이런,2021-1-20
트럭커,2021-1-20
어몽어스,2021-1-20
바다에,2021-1-20
새끼,2021-1-20
울거야,2021-1-20
박시연,2021-1-20
누워,2021-1-20
가로지르는,2021-1-20
방탄소년단,2021-1-20
내성적인,2021-1-20
On｜JTBC,2021-1-20
재테크,2021-1-20
좋소기업,2021-1-20
염승환이,2021-1-22
부모님의,2021-1-22
충격받은,2021-1-22
EN,2021-1-22
작아지는,2021-1-22
탐나는,2021-1-22
욕망을,2021-1-22
쓸모있는,2021-1-22
굴젓팀,2021-1-22
메이플,2021-1-22
사람,2021-1-22
데스매치에서,2021-1-22
통째로,2021-1-22
마음에,2021-1-22
걸까,2021-1-22
High,2021-1-22
부모님이,2021-1-22
크리에이터,2021-1-22
15℃,2021-1-22
AMONG,2021-1-22
2021년에,2021-1-22
하루아침에,2021-1-22
반찬,2021-1-22
만들게,2021-1-22
NOW,2021-1-22
때문에20대,2021-1-22
폭발,2021-1-22
리뷰,2021-1-22
시즌비시즌,2021-1-22
로제파스타,2021-1-22
통과하기,2021-1-22
ANIMATION,2021-1-22
세입자,2021-1-22
참교육,2021-1-22
필요,2021-1-22
브로콜리,2021-1-22
ft,2021-1-22
짤툰,2021-1-22
원칙,2021-1-22
요리u0026먹방,2021-1-22
돌이킬,2021-1-22
요약,2021-1-22
완전,2021-1-22
한다운,2021-1-22
고물상,2021-1-22
알파고의,2021-1-22
탄탄한,2021-1-22
어느정도길래,2021-1-22
목숨걸지,2021-1-22
SBS,2021-1-22
몰랐죠,2021-1-22
감스트x박명수x하하,2021-1-22
30호,2021-1-22
종이,2021-1-22
행복을,2021-1-22
꼭대기,2021-1-22
불행을,2021-1-22
Jennie,2021-1-22
Instant,2021-1-22
bits,2021-1-22
행동변화,2021-1-22
Pathfinder,2021-1-22
CHALLENGE│라이브,2021-1-22
with,2021-1-22
짜릿하다,2021-1-22
김보빈,2021-1-22
CL,2021-1-22
최경영의,2021-1-22
나가라는,2021-1-22
김종봉,2021-1-22
한장,2021-1-22
박보영X이도현X박민영X김다미,2021-1-22
210114,2021-1-22
한번에,2021-1-22
주식투자,2021-1-22
210120,2021-1-22
사유리TV,2021-1-22
두부볶음,2021-1-22
코트,2021-1-22
이야기,2021-1-22
밥반찬,2021-1-22
실력을,2021-1-22
지조,2021-1-22
벌어도,2021-1-22
100인분,2021-1-22
121PM｜NCT,2021-1-22
진담,2021-1-22
of,2021-1-22
코로코로,2021-1-22
가난,2021-1-22
움켜쥐는,2021-1-22
천둥이,2021-1-22
RunningMan,2021-1-22
모든,2021-1-22
State,2021-1-22
유재석이,2021-1-22
원주민의,2021-1-22
모먼트🔥｜18,2021-1-22
시끄러운,2021-1-22
써먹는,2021-1-22
키조개를,2021-1-22
이유,2021-1-22
찾아가서,2021-1-22
떠나보내야만,2021-1-22
결과는,2021-1-22
영접하고,2021-1-22
inverness,2021-1-22
옆에서,2021-1-22
수라간을,2021-1-22
TV,2021-1-22
과연,2021-1-22
아들,2021-1-22
존못,2021-1-22
다시보기,2021-1-22
Catch,2021-1-22
삼성전자에,2021-1-22
줄만,2021-1-22
애니메이션,2021-1-22
말마다,2021-1-22
부장,2021-1-22
재테크,2021-1-22
일반,2021-1-22
20개,2021-1-22
주린이들의,2021-1-22
데치면,2021-1-22
없는,2021-1-22
부부KBS130206방송,2021-1-22
에일리님,2021-1-22
짜릿해💙,2021-1-22
딸의,2021-1-22
마라Feat,2021-1-22
트롯의,2021-1-22
듬뿍,2021-1-22
바꾼,2021-1-22
등갈비,2021-1-22
GV70,2021-1-22
염승환,2021-1-22
⏱JUNGWOO,2021-1-22
단축키,2021-1-22
하하,2021-1-22
젠의,2021-1-22
한국인으로,2021-1-22
가능한,2021-1-22
수락산,2021-1-22
From,2021-1-22
자녀입니다,2021-1-22
히밥,2021-1-22
좋은,2021-1-22
연애의맛대맛4,2021-1-22
쯔양의,2021-1-22
실화On,2021-1-22
VS,2021-1-22
만드는,2021-1-22
남은,2021-1-22
SUB왕가리비,2021-1-22
인터뷰,2021-1-22
Clam,2021-1-22
엄마의,2021-1-22
꿈꾸다│파란만장,2021-1-22
퐁키가,2021-1-22
청양고추,2021-1-22
투자,2021-1-22
홈페이지,2021-1-22
평생,2021-1-22
핫드봐야지,2021-1-22
외신,2021-1-22
원톱,2021-1-22
vs,2021-1-22
TV동물농장,2021-1-22
DANIEL,2021-1-22
노노카2세,2021-1-22
변해버린,2021-1-22
보더콜리,2021-1-22
캐나다를,2021-1-22
Story,2021-1-22
아카데미,2021-1-22
넘어,2021-1-22
드디어,2021-1-22
북아메리카,2021-1-22
On｜JTBC,2021-1-22
Mukbang,2021-1-22
사이다🔥,2021-1-22
경연은,2021-1-22
휘날리는,2021-1-22
영상입니다,2021-1-22
엘리트,2021-1-22
마흔한,2021-1-22
재생,2021-1-22
미스트롯2,2021-1-22
스펙,2021-1-22
순간,2021-1-22
염블리,2021-1-22
7가지,2021-1-22
먹을,2021-1-22
수영,2021-1-22
구멍,2021-1-22
다시,2021-1-22
프리미엄,2021-1-22
4화,2021-1-22
끊임없는,2021-1-22
사이다,2021-1-22
미스터리,2021-1-22
안돼요맛있는,2021-1-22
영상,2021-1-22
다이소,2021-1-22
런닝맨기획의도2,2021-1-22
스트롱,2021-1-22
돈만,2021-1-22
모성본능,2021-1-22
눈보라,2021-1-22
귀촌,2021-1-22
대박날,2021-1-22
먹방계,2021-1-22
짬바로,2021-1-22
피하기스위트홈X웃소,2021-1-22
시작됐다,2021-1-22
감자튀김,2021-1-22
210107,2021-1-22
어떻게,2021-1-22
정도로,2021-1-22
강아지들,2021-1-22
장거리,2021-1-22
먹을지,2021-1-22
360도,2021-1-22
Anthony,2021-1-22
Ep04】,2021-1-22
제네시스,2021-1-22
동영상,2021-1-22
일상,2021-1-22
Kids,2021-1-22
자막,2021-1-22
and,2021-1-22
전업투자자의,2021-1-22
만드는법,2021-1-22
나만의,2021-1-22
사건실화,2021-1-22
S21울트라,2021-1-22
아버지,2021-1-22
중에,2021-1-22
뒤집어,2021-1-22
Ara,2021-1-22
방송,2021-1-22
부부의,2021-1-22
것이냐,2021-1-22
텃세,2021-1-22
된다면,2021-1-22
쯔양,2021-1-22
백구의,2021-1-22
선미님,2021-1-22
일단,2021-1-22
했던,2021-1-22
종목,2021-1-22
트럭커,2021-1-22
공개,2021-1-22
걱정,2021-1-22
VR좀비,2021-1-22
타이밍,2021-1-22
먹어보자,2021-1-22
미래들,2021-1-22
취중,2021-1-22
주방다이소,2021-1-22
학대와,2021-1-22
만든,2021-1-22
ENJPCNIDVN,2021-1-22
전유진,2021-1-22
귀화한,2021-1-22
강아지가,2021-1-22
런닝맨,2021-1-22
버리는,2021-1-22
❤미스트롯2,2021-1-22
tofu,2021-1-22
뒷문에,2021-1-22
동충하초,2021-1-22
CLEAR,2021-1-22
부산,2021-1-22
때까지,2021-1-22
CODE,2021-1-22
왔습니다,2021-1-22
이주민과,2021-1-22
먹방,2021-1-22
돌보려고해요,2021-1-22
갤럭시,2021-1-22
쇼터뷰,2021-1-22
US,2021-1-22
좋아할,2021-1-22
Cho,2021-1-22
생긴,2021-1-22
다이어터,2021-1-22
⏱MARK,2021-1-22
발열u0026성능,2021-1-22
온다,2021-1-22
탈출하라,2021-1-22
“동구리,2021-1-22
메인,2021-1-22
모습,2021-1-22
show,2021-1-22
화火花,2021-1-22
삼성,2021-1-22
ASMR,2021-1-22
이건,2021-1-22
매운,2021-1-22
살에,2021-1-22
슈퍼맘,2021-1-22
화火花HWAA,2021-1-22
해결,2021-1-22
빚더미에,2021-1-22
종목들,2021-1-22
에일리,2021-1-22
가해자,2021-1-22
“과연,2021-1-22
알았던,2021-1-22
경제쇼,2021-1-22
새끼,2021-1-22
ENG,2021-1-22
최고,2021-1-22
2편,2021-1-22
런닝맨기획의도1,2021-1-22
아직,2021-1-22
히밥이가,2021-1-22
32,2021-1-22
12PM｜NCT,2021-1-22
4화❤,2021-1-22
CHOSUN,2021-1-22
MUKBANG,2021-1-22
MBC,2021-1-22
너무,2021-1-22
놀라운,2021-1-22
굴러들어온,2021-1-22
1억,2021-1-22
심장,2021-1-22
셰프,2021-1-22
물어온,2021-1-22
무대,2021-1-22
Again｜JTBC,2021-1-22
블랙타이거새우,2021-1-22
아파요ㅠㅠ,2021-1-22
12명의,2021-1-22
대박,2021-1-22
주식시장,2021-1-22
놀라울,2021-1-22
발열이,2021-1-22
최근,2021-1-22
어몽어스,2021-1-22
Official,2021-1-22
있었기에,2021-1-22
루틴,2021-1-22
NO,2021-1-22
🔀랜덤픽,2021-1-22
주인에게,2021-1-22
어게인18,2021-1-22
깡통,2021-1-22
집을,2021-1-22
만남의,2021-1-22
집에,2021-1-22
가수,2021-1-22
이혼,2021-1-22
14F,2021-1-22
보낸다,2021-1-22
존잘,2021-1-22
히밥x웅이,2021-1-22
Special,2021-1-22
입덕,2021-1-22
종이호일,2021-1-22
두둥등장,2021-1-22
손님,2021-1-22
점점,2021-1-22
Russo,2021-1-22
누나와,2021-1-22
학폭,2021-1-22
하나로,2021-1-22
아기와,2021-1-22
덴마크,2021-1-22
클라스가,2021-1-22
숙식,2021-1-22
등대,2021-1-22
테스트,2021-1-22
EP20,2021-1-22
12화하이라이트청와대,2021-1-22
배그,2021-1-22
승객,2021-1-22
라면,2021-1-22
사유리와,2021-1-22
두부요리,2021-1-22
Ep03】,2021-1-22
잘가,2021-1-22
141004,2021-1-22
갇혀버린,2021-1-22
다른,2021-1-22
속에,2021-1-22
MBC210116방송,2021-1-22
korean,2021-1-22
올랐다고,2021-1-22
라디오스타,2021-1-22
cook,2021-1-22
Hello,2021-1-22
먹어버리는,2021-1-22
Animal,2021-1-22
mukbang,2021-1-22
하는,2021-1-22
EP12,2021-1-22
아름다울,2021-1-22
여자아이들의,2021-1-22
마트,2021-1-22
깔고♪,2021-1-22
수있는,2021-1-22
가로지르는,2021-1-22
잘나가던,2021-1-22
맞짱,2021-1-22
꿀팁,2021-1-22
강아지의,2021-1-22
주웠는데,2021-1-22
위의,2021-1-22
참변,2021-1-22
SOUNDS,2021-1-22
33화,2021-1-22
하나에,2021-1-22
버는,2021-1-22
실화탐사대,2021-1-22
Epik,2021-1-22
【클린버전】,2021-1-22
가격논란에,2021-1-22
Queen,2021-1-22
벽돌,2021-1-22
🍔🍟🥩🍖🥡🍣,2021-1-22
에픽하이,2021-1-22
강과장을,2021-1-22
성민지,2021-1-22
GRUB,2021-1-22
50인분,2021-1-22
world,2021-1-22
얼마나,2021-1-22
관한,2021-1-22
Stirfried,2021-1-22
여동생,2021-1-22
시승기,2021-1-22
귀촌하는,2021-1-22
비밀,2021-1-22
YTN,2021-1-22
놓으신,2021-1-22
상황으로,2021-1-22
무시무시한,2021-1-22
ailee,2021-1-22
실사용,2021-1-22
64,2021-1-22
eating,2021-1-22
신기한,2021-1-22
아기동생이,2021-1-22
동요가,2021-1-22
신혜선ZIP철인왕후,2021-1-22
Eng,2021-1-22
파티는,2021-1-22
최초,2021-1-22
19살에,2021-1-22
로시한국당면,2021-1-22
HWAA,2021-1-22
직접,2021-1-22
두부무침,2021-1-22
몰라서,2021-1-22
모르지만,2021-1-22
대결,2021-1-22
두부,2021-1-22
진짜꿀템다이소,2021-1-22
학교,2021-1-22
한국에서,2021-1-22
【좋좋소,2021-1-22
해주세요무슨,2021-1-22
사장님,2021-1-22
됐다는,2021-1-22
for,2021-1-22
애국심,2021-1-22
이겨내고,2021-1-22
Mr,2021-1-22
ZICO,2021-1-22
RELAY,2021-1-22
가르쳐줬습니다,2021-1-22
먹방도전,2021-1-22
동물농장,2021-1-22
이유는,2021-1-22
모먼트｜런,2021-1-22
강재준,2021-1-22
접수,2021-1-22
김수민,2021-1-22
KBS,2021-1-22
주단을,2021-1-22
참치,2021-1-22
하루,2021-1-22
기자가,2021-1-22
온Run,2021-1-22
진짜이,2021-1-22
갖춘,2021-1-22
먹는,2021-1-22
Rosario,2021-1-22
라면까지,2021-1-22
어마어마한,2021-1-22
머쉬베놈X저스디스X그루비룸,2021-1-22
ch찡💧,2021-1-22
승자는,2021-1-22
EP02,2021-1-22
괜찮은,2021-1-22
Sub,2021-1-22
Wonder,2021-1-22
최초시승,2021-1-22
이래요,2021-1-22
미선이네👩u200d🍳,2021-1-22
시골,2021-1-22
200922,2021-1-22
갈등,2021-1-22
강아지를,2021-1-22
실험해,2021-1-22
본다면,2021-1-22
오래써도,2021-1-22
Tuna,2021-1-22
입덕유발,2021-1-22
풀버전,2021-1-22
뭐예요,2021-1-22
영상을,2021-1-22
씻는법브로콜리,2021-1-22
이국주,2021-1-22
Artists,2021-1-22
noodles,2021-1-22
참치김밥,2021-1-22
정소이,2021-1-22
Video,2021-1-22
자락,2021-1-22
돌직구,2021-1-22
잡아서,2021-1-22
SUB트럭에서,2021-1-22
중전마마,2021-1-22
잃은,2021-1-22
누구,2021-1-22
추천템,2021-1-22
MV,2021-1-22
레전드,2021-1-22
깔고,2021-1-22
KANG,2021-1-22
변정수2편｜찡,2021-1-22
Choreography,2021-1-22
살만한가,2021-1-22
아기고양이고양이탐정,2021-1-22
40억을,2021-1-22
성민지화자좋다,2021-1-22
“최애,2021-1-22
늦둥이👶,2021-1-22
격리해제,2021-1-22
인기,2021-1-22
Music,2021-1-22
CAM,2021-1-22
상처로,2021-1-22
인생,2021-1-22
눈오리,2021-1-22
박명수,2021-1-22
전학생은,2021-1-22
GAB,2021-1-22
bit,2021-1-22
나는,2021-1-22
16,2021-1-22
감스트,2021-1-22
집에서,2021-1-22
버스,2021-1-22
삼성전자,2021-1-22
feat은퇴,2021-1-22
독보적,2021-1-22
엄마사유리8화,2021-1-22
준비했습니다,2021-1-22
5천,2021-1-22
Farm,2021-1-22
u0026,2021-1-22
영상편지,2021-1-22
《제시의,2021-1-22
매수,2021-1-22
아기를,2021-1-22
활용꿀팁,2021-1-22
강희빈,2021-1-22
feat,2021-1-22
찾습니다,2021-1-22
차이,2021-1-22
Gimbap,2021-1-22
터키에서,2021-1-22
싱어게인singagain,2021-1-22
2천으로,2021-1-22
캐릭터,2021-1-22
사장님을,2021-1-22
앉게,2021-1-22
로키산맥,2021-1-22
YouTube,2021-1-22
여고추리반,2021-1-22
이리,2021-1-22
수요기획길,2021-1-22
분위기,2021-1-22
염승환남들은,2021-1-22
선공개,2021-1-22
DRINKING,2021-1-22
ep2,2021-1-22
추천하는,2021-1-22
24hr,2021-1-22
괴물,2021-1-22
가정의,2021-1-22
찾아온,2021-1-22
만숙포차에,2021-1-22
좋소기업,2021-1-22
왕서방의,2021-1-22
단연코,2021-1-22
울린,2021-1-22
마지막,2021-1-22
넘사벽,2021-1-22
그리고,2021-1-22
야근,2021-1-22
생활,2021-1-22
여자아이들GIDLE,2021-1-22
바쁜,2021-1-22
이러다,2021-1-22
존리,2021-1-22
스케치,2021-2-15
모델,2021-2-15
당신이,2021-2-15
일반인분들은,2021-2-15
알게,2021-2-15
좋은,2021-2-15
코스요리,2021-2-15
eng드디어,2021-2-15
EP08,2021-2-15
야무지게,2021-2-15
SUB,2021-2-15
남편늑대가,2021-2-15
개미와,2021-2-15
그알PD가,2021-2-15
머거주엽,2021-2-15
CREW,2021-2-15
4K,2021-2-15
삼성전자,2021-2-15
집에,2021-2-15
재탄생🤣,2021-2-15
게임스탑GME,2021-2-15
희망이,2021-2-15
LG챔피언스파크,2021-2-15
부산에,2021-2-15
질주하는,2021-2-15
빛낸,2021-2-15
에일리,2021-2-15
강타한,2021-2-15
정신없이,2021-2-15
먹는,2021-2-15
허벅지,2021-2-15
아나운서의,2021-2-15
짜장면,2021-2-15
바보도,2021-2-15
갑자기,2021-2-15
기아,2021-2-15
아카데미,2021-2-15
You,2021-2-15
자학,2021-2-15
시작,2021-2-15
뚫고,2021-2-15
혼자,2021-2-15
ENCN,2021-2-15
20401의,2021-2-15
아직까지,2021-2-15
비법,2021-2-15
김태연,2021-2-15
라이브로｜거북선,2021-2-15
기시니,2021-2-15
해보았습니다,2021-2-15
예능,2021-2-15
〈펜트하우스,2021-2-15
레시피,2021-2-15
겨루기,2021-2-15
김민경이랑,2021-2-15
EP03INFECTED,2021-2-15
고령화,2021-2-15
들어온,2021-2-15
고양이먹방,2021-2-15
조원희,2021-2-15
생존캠핑,2021-2-15
갓잡은클립,2021-2-15
동아시아,2021-2-15
김경은,2021-2-15
쳐묵고,2021-2-15
파맛,2021-2-15
향한,2021-2-15
현대,2021-2-15
현주엽이,2021-2-15
이나즈마,2021-2-15
프로파일러,2021-2-15
생선,2021-2-15
용안이,2021-2-15
자동이,2021-2-15
엉또,2021-2-15
반백살X잭슨Jackson,2021-2-15
붙었습니다,2021-2-15
갇힌지,2021-2-15
360도,2021-2-15
Movie,2021-2-15
FOOD,2021-2-15
나온다고요,2021-2-15
단축키,2021-2-15
눈물,2021-2-15
킥스온에어,2021-2-15
흘린,2021-2-15
가릴,2021-2-15
강남스타일,2021-2-15
하는구나,2021-2-15
요요미,2021-2-15
아닌,2021-2-15
엘튜브가,2021-2-15
그림자다큐시선,2021-2-15
직박구리,2021-2-15
시험운명의,2021-2-15
대大전쟁,2021-2-15
ANIMATION,2021-2-15
오실줄은,2021-2-15
전개,2021-2-15
속에,2021-2-15
허구연,2021-2-15
Ep2,2021-2-15
멜로다큐,2021-2-15
By,2021-2-15
카카오,2021-2-15
펜트하우스2,2021-2-15
빠져,2021-2-15
킬링벌스를,2021-2-15
박문성,2021-2-15
수빙수의,2021-2-15
노답,2021-2-15
현주엽의,2021-2-15
BTS,2021-2-15
서양,2021-2-15
임신한,2021-2-15
매일,2021-2-15
섬캠핑,2021-2-15
일이,2021-2-15
이상,2021-2-15
이렇게,2021-2-15
갈비,2021-2-15
2월,2021-2-15
행동,2021-2-15
유퀴즈온더블럭,2021-2-15
한잔하기,2021-2-15
동양,2021-2-15
일상,2021-2-15
등록🏋️u200d♂️먹고,2021-2-15
특별편,2021-2-15
THE,2021-2-15
소련여자Soviet,2021-2-15
몰랐습니다,2021-2-15
야구,2021-2-15
말도,2021-2-15
8회②,2021-2-15
EP120돌발상황촬영,2021-2-15
XXkg,2021-2-15
1화,2021-2-15
TEASER,2021-2-15
첵스,2021-2-15
★최초,2021-2-15
주인이,2021-2-15
KBS,2021-2-15
대광어,2021-2-15
편할까,2021-2-15
눈물을,2021-2-15
복수의,2021-2-15
선공개,2021-2-15
주식食,2021-2-15
카푸어,2021-2-15
필수,2021-2-15
아니에요염승환,2021-2-15
제발,2021-2-15
PARANOIA,2021-2-15
병맛노래,2021-2-15
고립,2021-2-15
차를,2021-2-15
일반,2021-2-15
하는,2021-2-15
VR좀비2SCP,2021-2-15
뜯고,2021-2-15
2030대가,2021-2-15
잡다,2021-2-15
소고기찌개,2021-2-15
가족,2021-2-15
Joy,2021-2-15
2화,2021-2-15
병병병,2021-2-15
것들,2021-2-15
연락,2021-2-15
100kg,2021-2-15
행동Husband,2021-2-15
동영상,2021-2-15
시즌비시즌,2021-2-15
eating,2021-2-15
210209,2021-2-15
폭풍우,2021-2-15
광광,2021-2-15
3대,2021-2-15
아파트로,2021-2-15
차돌,2021-2-15
설날,2021-2-15
타게,2021-2-15
축구,2021-2-15
인기,2021-2-15
MATE,2021-2-15
사회의,2021-2-15
먹방,2021-2-15
떼고,2021-2-15
피자왕,2021-2-15
직접,2021-2-15
비x일주어터,2021-2-15
비행기에서,2021-2-15
도전먹방,2021-2-15
솔로캠핑,2021-2-15
곳은🚩,2021-2-15
끊어야,2021-2-15
19일,2021-2-15
Music,2021-2-15
총알받이가,2021-2-15
연예인들은,2021-2-15
보여드립니다,2021-2-15
솔직,2021-2-15
히밥,2021-2-15
네고왕2,2021-2-15
범죄,2021-2-15
사심을,2021-2-15
계란짐,2021-2-15
10만,2021-2-15
극한캠핑,2021-2-15
애드리브,2021-2-15
먹고,2021-2-15
찾아왔다,2021-2-15
가져다주세요,2021-2-15
사러가면,2021-2-15
위인들,2021-2-15
네이버,2021-2-15
CHOSUN,2021-2-15
MOTION,2021-2-15
About,2021-2-15
ep23,2021-2-15
순간,2021-2-15
직후,2021-2-15
370만,2021-2-15
출산기,2021-2-15
공개합니다,2021-2-15
홍게,2021-2-15
재생,2021-2-15
깜짝,2021-2-15
Wifes,2021-2-15
뒤흔들,2021-2-15
승우아빠,2021-2-15
리뷰,2021-2-15
Episode2,2021-2-15
누구,2021-2-15
방탄소년단,2021-2-15
스릴러툰,2021-2-15
섬에,2021-2-15
CAT,2021-2-15
풍경,2021-2-15
간다면,2021-2-15
100명의,2021-2-15
맛있는,2021-2-15
비하인드,2021-2-15
청평의,2021-2-15
모음📚반편성,2021-2-15
사랑에,2021-2-15
일단은,2021-2-15
보니,2021-2-15
행복하게,2021-2-15
티키타카와썹맨2,2021-2-15
Ep1,2021-2-15
Artists,2021-2-15
승리,2021-2-15
공이,2021-2-15
만드는,2021-2-15
ENG✨설특집✨,2021-2-15
살기,2021-2-15
경고,2021-2-15
식당에,2021-2-15
되면,2021-2-15
경쟁률을,2021-2-15
제한시간,2021-2-15
오리지널,2021-2-15
목소리를,2021-2-15
2가지,2021-2-15
채운,2021-2-15
위험신호,2021-2-15
마스크왕,2021-2-15
Episode1,2021-2-15
박수홍이,2021-2-15
사랑노래,2021-2-15
개인은,2021-2-15
3일차,2021-2-15
주목해야,2021-2-15
떡갈비,2021-2-15
없다는,2021-2-15
철인왕후,2021-2-15
대결,2021-2-15
스토리,2021-2-15
왔다,2021-2-15
올해,2021-2-15
주호민,2021-2-15
Qu0026A,2021-2-15
LILIs,2021-2-15
9화❤,2021-2-15
알아차린,2021-2-15
100세,2021-2-15
SHOW,2021-2-15
유진X김소연,2021-2-15
야구선수로,2021-2-15
사람도,2021-2-15
스타일,2021-2-15
만난,2021-2-15
Up,2021-2-15
지기표,2021-2-15
TVCHOSUNJOY,2021-2-15
쌍용,2021-2-15
촌스러운,2021-2-15
미리보기,2021-2-15
Year,2021-2-15
하하,2021-2-15
음식만,2021-2-15
마지막회,2021-2-15
김준현,2021-2-15
2차,2021-2-15
현실적인,2021-2-15
진돗개가,2021-2-15
korean,2021-2-15
일본판,2021-2-15
범죄심리학자,2021-2-15
감염된크루원,2021-2-15
210211,2021-2-15
Me,2021-2-15
가난의,2021-2-15
실력에,2021-2-15
게에서,2021-2-15
총몇명,2021-2-15
사도,2021-2-15
되는,2021-2-15
u0026,2021-2-15
도중,2021-2-15
Allure,2021-2-15
강승구,2021-2-15
레전드,2021-2-15
질문하는,2021-2-15
40분,2021-2-15
런닝맨,2021-2-15
ep29박준형갓세븐GOT7,2021-2-15
김정현이,2021-2-15
에버턴,2021-2-15
매치,2021-2-15
하나를,2021-2-15
KBS20150521,2021-2-15
한국을,2021-2-15
있었던,2021-2-15
티저,2021-2-15
10부,2021-2-15
ep24,2021-2-15
반드시,2021-2-15
전남편,2021-2-15
사람이,2021-2-15
갔다가,2021-2-15
염승환,2021-2-15
전세계를,2021-2-15
가오리등,2021-2-15
Eng,2021-2-15
없는,2021-2-15
직감과,2021-2-15
요구만,2021-2-15
앉아보라고,2021-2-15
술먹방,2021-2-15
택한,2021-2-15
EN,2021-2-15
쪄봤습니다,2021-2-15
쇼크에,2021-2-15
210125,2021-2-15
우리말,2021-2-15
간다,2021-2-15
김강민선수와,2021-2-15
스톱모션,2021-2-15
보고,2021-2-15
판단력으로,2021-2-15
가나,2021-2-15
IU아이유,2021-2-15
진짜,2021-2-15
화났어,2021-2-15
상상을,2021-2-15
게임,2021-2-15
아내,2021-2-15
YouTube,2021-2-15
밥묵자,2021-2-15
가라니까,2021-2-15
배우,2021-2-15
흘러간,2021-2-15
그알,2021-2-15
시청철종은,2021-2-15
임대아파트,2021-2-15
10℃,2021-2-15
10수생의,2021-2-15
9부,2021-2-15
철종♥,2021-2-15
The,2021-2-15
MV,2021-2-15
TV,2021-2-15
강다니엘KANGDANIEL,2021-2-15
STOP,2021-2-15
아내의,2021-2-15
수원,2021-2-15
학교,2021-2-15
한국·중국·일본,2021-2-15
된장찌개,2021-2-15
Behavior,2021-2-15
개그맨,2021-2-15
Card,2021-2-15
현장,2021-2-15
어깨,2021-2-15
무려20가지이상,2021-2-15
샾잉,2021-2-15
털고,2021-2-15
못한,2021-2-15
고양이,2021-2-15
짤툰,2021-2-15
최근,2021-2-15
feat,2021-2-15
JFla,2021-2-15
결과✏️헬스장,2021-2-15
사태,2021-2-15
안첼로티,2021-2-15
실제,2021-2-15
길을,2021-2-15
단도직입적으로,2021-2-15
막방,2021-2-15
전하의,2021-2-15
아니,2021-2-15
김병현,2021-2-15
손님,2021-2-15
설특집,2021-2-15
【클린버전】,2021-2-15
알고,2021-2-15
어몽어스,2021-2-15
계급장,2021-2-15
간절히,2021-2-15
무조건,2021-2-15
부장3부주식고등학교,2021-2-15
부장2부주식고등학교,2021-2-15
│말년을,2021-2-15
ㅋㅋ,2021-2-15
남편과,2021-2-15
갈까,2021-2-15
테스트,2021-2-15
식단,2021-2-15
릴카,2021-2-15
SBSCatch,2021-2-15
공개★하는,2021-2-15
지석진,2021-2-15
대반전,2021-2-15
Lets,2021-2-15
보는,2021-2-15
2021설날,2021-2-15
알밖에,2021-2-15
VS,2021-2-15
음식은,2021-2-15
11부,2021-2-15
24시간동안,2021-2-15
보지,2021-2-15
show,2021-2-15
대나무숲,2021-2-15
박진숙,2021-2-15
시장을,2021-2-15
임신을,2021-2-15
주식,2021-2-15
이종범,2021-2-15
신🎬,2021-2-15
Make,2021-2-15
아동급식카드,2021-2-15
우럭따,2021-2-15
함께,2021-2-15
짓게,2021-2-15
Pregnancy,2021-2-15
다이어트,2021-2-15
해설,2021-2-15
미선이네👩u200d🍳,2021-2-15
환장의,2021-2-15
이유,2021-2-15
물어보살,2021-2-15
뛰어넘는,2021-2-15
레고,2021-2-15
사고났습니다,2021-2-15
그랜저,2021-2-15
도시의,2021-2-15
무엇이든,2021-2-15
박진영PD,2021-2-15
맛있을까,2021-2-15
소용,2021-2-15
공개,2021-2-15
지금이라도,2021-2-15
방송,2021-2-15
프로젝트,2021-2-15
마피아,2021-2-15
Kids,2021-2-15
경위의,2021-2-15
사건,2021-2-15
자동으로,2021-2-15
ㄷㄷ,2021-2-15
3대측정,2021-2-15
3국,2021-2-15
할까요,2021-2-15
멤버분들과,2021-2-15
열고,2021-2-15
싶은,2021-2-15
놀라,2021-2-15
mukbang,2021-2-15
결과,2021-2-15
토트넘,2021-2-15
킥스지기가,2021-2-15
될까,2021-2-15
중고차,2021-2-15
현주엽,2021-2-15
Korea,2021-2-15
손흥민,2021-2-15
Finding,2021-2-15
Celebrity,2021-2-15
❤미스트롯2,2021-2-15
겨울,2021-2-15
만남,2021-2-15
감동적인,2021-2-15
났어,2021-2-15
어몽어스를,2021-2-15
수빙수tv,2021-2-15
방법,2021-2-15
일레븐,2021-2-15
모아가야,2021-2-15
탈탈,2021-2-15
한국행,2021-2-15
ENG,2021-2-15
멀리,2021-2-15
일본,2021-2-15
for,2021-2-15
TV조선조이,2021-2-15
현대차,2021-2-15
그만,2021-2-15
by,2021-2-15
vlog,2021-2-15
ㅠㅠ,2021-2-15
US,2021-2-15
혼술법,2021-2-15
노래,2021-2-15
것일까,2021-2-15
헤지펀드의,2021-2-15
인기투표,2021-2-15
His,2021-2-15
일주일간,2021-2-15
cover,2021-2-15
바람길,2021-2-15
성공한,2021-2-15
동양의,2021-2-15
1편,2021-2-15
LEGO,2021-2-15
할명수,2021-2-15
장래,2021-2-15
전격,2021-2-15
싫다,2021-2-15
안정환,2021-2-15
애니메이션,2021-2-15
2개만,2021-2-15
해부,2021-2-15
After,2021-2-15
상담자와,2021-2-15
얼루어코리아,2021-2-15
Raise,2021-2-15
시즌2〉,2021-2-15
FILM,2021-2-15
sooBingsoo,2021-2-15
유튜버들이,2021-2-15
Wolfs,2021-2-15
정호근무슨,2021-2-15
보인,2021-2-15
무너지는가,2021-2-15
트롯전국대잔치,2021-2-15
크리에이터,2021-2-15
자막,2021-2-15
Out,2021-2-15
비가,2021-2-15
잃자,2021-2-15
Girl의,2021-2-15
주식들염승환,2021-2-15
알려주는,2021-2-15
수동으로,2021-2-15
침착맨,2021-2-15
바뀌었습니다,2021-2-15
박은영,2021-2-15
세계에서,2021-2-15
생기는,2021-2-15
New,2021-2-15
대참사,2021-2-15
FA컵,2021-2-15
AMONG,2021-2-15
가장,2021-2-15
혼술법,2021-2-15
생존캠핑,2021-2-15
도전먹방,2021-2-15
LEGO,2021-2-15
ENCN,2021-2-15
노답,2021-2-15
주목해야,2021-2-15
미선이네👩u200d🍳,2021-2-15
할명수,2021-2-15
침착맨,2021-2-15
탈탈,2021-2-15
100kg,2021-2-15
용안이,2021-2-15
스토리,2021-2-15
사고났습니다,2021-2-15
일본판,2021-2-15
깜짝,2021-2-15
2개만,2021-2-15
비하인드,2021-2-15
사도,2021-2-15
스타일,2021-2-15
시험운명의,2021-2-15
ENG,2021-2-15
김준현,2021-2-15
애드리브,2021-2-15
승우아빠,2021-2-15
쳐묵고,2021-2-15
세계에서,2021-2-15
2가지,2021-2-15
경쟁률을,2021-2-15
LG챔피언스파크,2021-2-15
유진X김소연,2021-2-15
전격,2021-2-15
일레븐,2021-2-15
향한,2021-2-15
무너지는가,2021-2-15
자막,2021-2-15
알게,2021-2-15
쌍용,2021-2-15
하는,2021-2-15
극한캠핑,2021-2-15
현대,2021-2-15
서양,2021-2-15
동양의,2021-2-15
길을,2021-2-15
부장2부주식고등학교,2021-2-15
사랑노래,2021-2-15
식단,2021-2-15
상담자와,2021-2-15
3대측정,2021-2-15
열고,2021-2-15
공개,2021-2-15
당신이,2021-2-15
개인은,2021-2-15
흘린,2021-2-15
한국행,2021-2-15
Card,2021-2-15
아나운서의,2021-2-15
바람길,2021-2-15
사회의,2021-2-15
TVCHOSUNJOY,2021-2-15
유퀴즈온더블럭,2021-2-15
우리말,2021-2-15
못한,2021-2-15
복수의,2021-2-15
현주엽의,2021-2-15
보니,2021-2-15
선공개,2021-2-15
생선,2021-2-15
대나무숲,2021-2-15
ANIMATION,2021-2-15
TEASER,2021-2-15
킥스온에어,2021-2-15
FA컵,2021-2-15
Movie,2021-2-15
수동으로,2021-2-15
SHOW,2021-2-15
될까,2021-2-15
염승환,2021-2-15
섬캠핑,2021-2-15
제한시간,2021-2-15
강승구,2021-2-15
왔다,2021-2-15
시즌비시즌,2021-2-15
어몽어스,2021-2-15
New,2021-2-15
mukbang,2021-2-15
학교,2021-2-15
대광어,2021-2-15
네고왕2,2021-2-15
결과✏️헬스장,2021-2-15
Music,2021-2-15
갑자기,2021-2-15
You,2021-2-15
KBS,2021-2-15
소련여자Soviet,2021-2-15
About,2021-2-15
동양,2021-2-15
The,2021-2-15
자학,2021-2-15
최근,2021-2-15
간다,2021-2-15
해부,2021-2-15
무려20가지이상,2021-2-15
야구선수로,2021-2-15
20401의,2021-2-15
개미와,2021-2-15
show,2021-2-15
11부,2021-2-15
성공한,2021-2-15
떼고,2021-2-15
집에,2021-2-15
누구,2021-2-15
210125,2021-2-15
손님,2021-2-15
현장,2021-2-15
놀라,2021-2-15
살기,2021-2-15
위험신호,2021-2-15
티저,2021-2-15
방탄소년단,2021-2-15
Finding,2021-2-15
짜장면,2021-2-15
feat,2021-2-15
막방,2021-2-15
만난,2021-2-15
US,2021-2-15
Lets,2021-2-15
해보았습니다,2021-2-15
등록🏋️u200d♂️먹고,2021-2-15
샾잉,2021-2-15
보인,2021-2-15
택한,2021-2-15
예능,2021-2-15
STOP,2021-2-15
이나즈마,2021-2-15
아니,2021-2-15
보여드립니다,2021-2-15
났어,2021-2-15
Episode1,2021-2-15
방송,2021-2-15
소용,2021-2-15
축구,2021-2-15
이렇게,2021-2-15
된장찌개,2021-2-15
리뷰,2021-2-15
히밥,2021-2-15
직감과,2021-2-15
MOTION,2021-2-15
지기표,2021-2-15
잃자,2021-2-15
스톱모션,2021-2-15
THE,2021-2-15
곳은🚩,2021-2-15
Raise,2021-2-15
실제,2021-2-15
가족,2021-2-15
eng드디어,2021-2-15
일상,2021-2-15
10℃,2021-2-15
다이어트,2021-2-15
개그맨,2021-2-15
하나를,2021-2-15
엘튜브가,2021-2-15
테스트,2021-2-15
연예인들은,2021-2-15
사랑에,2021-2-15
100명의,2021-2-15
소고기찌개,2021-2-15
행복하게,2021-2-15
애니메이션,2021-2-15
가오리등,2021-2-15
ENG✨설특집✨,2021-2-15
빛낸,2021-2-15
요요미,2021-2-15
안정환,2021-2-15
박진영PD,2021-2-15
갓잡은클립,2021-2-15
Wifes,2021-2-15
VS,2021-2-15
아동급식카드,2021-2-15
CHOSUN,2021-2-15
모음📚반편성,2021-2-15
전개,2021-2-15
수빙수tv,2021-2-15
레고,2021-2-15
도시의,2021-2-15
삼성전자,2021-2-15
네이버,2021-2-15
아닌,2021-2-15
화났어,2021-2-15
정신없이,2021-2-15
행동,2021-2-15
레전드,2021-2-15
엉또,2021-2-15
JFla,2021-2-15
차를,2021-2-15
허벅지,2021-2-15
들어온,2021-2-15
청평의,2021-2-15
스릴러툰,2021-2-15
함께,2021-2-15
비행기에서,2021-2-15
한잔하기,2021-2-15
주식食,2021-2-15
❤미스트롯2,2021-2-15
반드시,2021-2-15
물어보살,2021-2-15
By,2021-2-15
승리,2021-2-15
Up,2021-2-15
남녀사이,2021-2-15
수원,2021-2-15
사람이,2021-2-15
코스요리,2021-2-15
가장,2021-2-15
ㅋㅋ,2021-2-15
한국·중국·일본,2021-2-15
것들,2021-2-15
연락,2021-2-15
vlog,2021-2-15
Year,2021-2-15
LILIs,2021-2-15
크리에이터,2021-2-15
PARANOIA,2021-2-15
CAT,2021-2-15
재생,2021-2-15
아니에요염승환,2021-2-15
FOOD,2021-2-15
8회②,2021-2-15
끊어야,2021-2-15
에일리,2021-2-15
펜트하우스2,2021-2-15
프리미엄,2021-2-15
보는,2021-2-15
10부,2021-2-15
제발,2021-2-15
전남편,2021-2-15
안첼로티,2021-2-15
갈까,2021-2-15
알려주는,2021-2-15
런닝맨,2021-2-15
시청철종은,2021-2-15
겨울,2021-2-15
9화❤,2021-2-15
카푸어,2021-2-15
중고차,2021-2-15
설날,2021-2-15
범죄심리학자,2021-2-15
킥스지기가,2021-2-15
IU아이유,2021-2-15
술먹방,2021-2-15
피자왕,2021-2-15
동영상,2021-2-15
게임스탑GME,2021-2-15
현주엽,2021-2-15
그림자다큐시선,2021-2-15
현실적인,2021-2-15
210209,2021-2-15
출산기,2021-2-15
210211,2021-2-15
게에서,2021-2-15
EP03INFECTED,2021-2-15
김정현이,2021-2-15
2화,2021-2-15
아파트로,2021-2-15
허구연,2021-2-15
채운,2021-2-15
멀리,2021-2-15
위인들,2021-2-15
FILM,2021-2-15
정호근무슨,2021-2-15
겨루기,2021-2-15
EP08,2021-2-15
경고,2021-2-15
솔직,2021-2-15
아직까지,2021-2-15
음식만,2021-2-15
음식은,2021-2-15
이종범,2021-2-15
Girl의,2021-2-15
일반,2021-2-15
박문성,2021-2-15
우럭따,2021-2-15
Allure,2021-2-15
되면,2021-2-15
계란짐,2021-2-15
고립,2021-2-15
먹고,2021-2-15
마피아,2021-2-15
박은영,2021-2-15
미리보기,2021-2-15
전하의,2021-2-15
가라니까,2021-2-15
설특집,2021-2-15
뚫고,2021-2-15
유튜버들이,2021-2-15
10만,2021-2-15
도중,2021-2-15
대결,2021-2-15
SBSCatch,2021-2-15
알고,2021-2-15
하는구나,2021-2-15
속에,2021-2-15
동아시아,2021-2-15
할까요,2021-2-15
게임,2021-2-15
남편과,2021-2-15
없다는,2021-2-15
그알,2021-2-15
시작,2021-2-15
만남,2021-2-15
털고,2021-2-15
주식,2021-2-15
BTS,2021-2-15
헤지펀드의,2021-2-15
24시간동안,2021-2-15
앉아보라고,2021-2-15
대반전,2021-2-15
보지,2021-2-15
ep29박준형갓세븐GOT7,2021-2-15
마지막회,2021-2-15
프로파일러,2021-2-15
가릴,2021-2-15
EN,2021-2-15
가나,2021-2-15
매일,2021-2-15
짓게,2021-2-15
야구,2021-2-15
자동이,2021-2-15
Joy,2021-2-15
차돌,2021-2-15
일본,2021-2-15
감염된크루원,2021-2-15
솔로캠핑,2021-2-15
싶은,2021-2-15
혼자,2021-2-15
TV,2021-2-15
임대아파트,2021-2-15
질문하는,2021-2-15
현대차,2021-2-15
3국,2021-2-15
마스크왕,2021-2-15
보고,2021-2-15
말도,2021-2-15
u0026,2021-2-15
by,2021-2-15
광광,2021-2-15
트롯전국대잔치,2021-2-15
조원희,2021-2-15
있었던,2021-2-15
Korea,2021-2-15
김강민선수와,2021-2-15
김민경이랑,2021-2-15
병병병,2021-2-15
올해,2021-2-15
찾아왔다,2021-2-15
철인왕후,2021-2-15
간다면,2021-2-15
Episode2,2021-2-15
eating,2021-2-15
Make,2021-2-15
단축키,2021-2-15
Qu0026A,2021-2-15
고양이먹방,2021-2-15
〈펜트하우스,2021-2-15
ㄷㄷ,2021-2-15
수빙수의,2021-2-15
총알받이가,2021-2-15
Out,2021-2-15
아내의,2021-2-15
인기투표,2021-2-15
100세,2021-2-15
기아,2021-2-15
알아차린,2021-2-15
뜯고,2021-2-15
10수생의,2021-2-15
방법,2021-2-15
남편늑대가,2021-2-15
이유,2021-2-15
시장을,2021-2-15
바뀌었습니다,2021-2-15
4K,2021-2-15
주식들염승환,2021-2-15
Artists,2021-2-15
파맛,2021-2-15
잡다,2021-2-15
되는,2021-2-15
MATE,2021-2-15
노래,2021-2-15
YouTube,2021-2-15
빠져,2021-2-15
필수,2021-2-15
없는,2021-2-15
짤툰,2021-2-15
박수홍이,2021-2-15
KBS20150521,2021-2-15
밥묵자,2021-2-15
직박구리,2021-2-15
손흥민,2021-2-15
MV,2021-2-15
진돗개가,2021-2-15
【클린버전】,2021-2-15
눈물,2021-2-15
임신한,2021-2-15
지금이라도,2021-2-15
맛있는,2021-2-15
370만,2021-2-15
촌스러운,2021-2-15
│말년을,2021-2-15
병맛노래,2021-2-15
김경은,2021-2-15
인기,2021-2-15
상상을,2021-2-15
붙었습니다,2021-2-15
머거주엽,2021-2-15
VR좀비2SCP,2021-2-15
홍게,2021-2-15
철종♥,2021-2-15
Pregnancy,2021-2-15
떡갈비,2021-2-15
아내,2021-2-15
배우,2021-2-15
2월,2021-2-15
Wolfs,2021-2-15
결과,2021-2-15
몰랐습니다,2021-2-15
사심을,2021-2-15
알밖에,2021-2-15
직후,2021-2-15
질주하는,2021-2-15
좋은,2021-2-15
풍경,2021-2-15
이상,2021-2-15
폭풍우,2021-2-15
오리지널,2021-2-15
경위의,2021-2-15
3대,2021-2-15
프로젝트,2021-2-15
행동Husband,2021-2-15
EP120돌발상황촬영,2021-2-15
김태연,2021-2-15
쪄봤습니다,2021-2-15
비법,2021-2-15
ep24,2021-2-15
바보도,2021-2-15
임신을,2021-2-15
어깨,2021-2-15
His,2021-2-15
나온다고요,2021-2-15
갇힌지,2021-2-15
해설,2021-2-15
공개합니다,2021-2-15
진짜,2021-2-15
멤버분들과,2021-2-15
가난의,2021-2-15
스케치,2021-2-15
장래,2021-2-15
티키타카와썹맨2,2021-2-15
첵스,2021-2-15
주인이,2021-2-15
희망이,2021-2-15
40분,2021-2-15
korean,2021-2-15
for,2021-2-15
19일,2021-2-15
After,2021-2-15
타게,2021-2-15
반백살X잭슨Jackson,2021-2-15
어몽어스를,2021-2-15
Celebrity,2021-2-15
신🎬,2021-2-15
매치,2021-2-15
킬링벌스를,2021-2-15
2차,2021-2-15
Ep2,2021-2-15
그랜저,2021-2-15
레시피,2021-2-15
환장의,2021-2-15
공개★하는,2021-2-15
얼루어코리아,2021-2-15
가져다주세요,2021-2-15
것일까,2021-2-15
재탄생🤣,2021-2-15
쇼크에,2021-2-15
9부,2021-2-15
360도,2021-2-15
무엇이든,2021-2-15
갔다가,2021-2-15
AMONG,2021-2-15
뛰어넘는,2021-2-15
직접,2021-2-15
★최초,2021-2-15
그만,2021-2-15
오실줄은,2021-2-15
CREW,2021-2-15
ㅠㅠ,2021-2-15
요구만,2021-2-15
고양이,2021-2-15
맛있을까,2021-2-15
Behavior,2021-2-15
기시니,2021-2-15
하하,2021-2-15
카카오,2021-2-15
주호민,2021-2-15
고령화,2021-2-15
비x일주어터,2021-2-15
강타한,2021-2-15
XXkg,2021-2-15
Kids,2021-2-15
범죄,2021-2-15
대大전쟁,2021-2-15
계급장,2021-2-15
만드는,2021-2-15
일단은,2021-2-15
일반인분들은,2021-2-15
시즌2〉,2021-2-15
그알PD가,2021-2-15
사람도,2021-2-15
3일차,2021-2-15
Me,2021-2-15
뒤흔들,2021-2-15
아카데미,2021-2-15
감동적인,2021-2-15
갈비,2021-2-15
친구가능,2021-2-15
눈물을,2021-2-15
1편,2021-2-15
싫다,2021-2-15
현주엽이,2021-2-15
1화,2021-2-15
전세계를,2021-2-15
간절히,2021-2-15
Ep1,2021-2-15
멜로다큐,2021-2-15
단도직입적으로,2021-2-15
sooBingsoo,2021-2-15
cover,2021-2-15
자동으로,2021-2-15
실력에,2021-2-15
일주일간,2021-2-15
판단력으로,2021-2-15
라이브로｜거북선,2021-2-15
모아가야,2021-2-15
2021설날,2021-2-15
부장3부주식고등학교,2021-2-15
부산에,2021-2-15
김병현,2021-2-15
목소리를,2021-2-15
편할까,2021-2-15
지석진,2021-2-15
공이,2021-2-15
흘러간,2021-2-15
대참사,2021-2-15
토트넘,2021-2-15
야무지게,2021-2-15
Eng,2021-2-15
강남스타일,2021-2-15
일이,2021-2-15
무조건,2021-2-15
비가,2021-2-15
식당에,2021-2-15
TV조선조이,2021-2-15
먹는,2021-2-15
생기는,2021-2-15
강다니엘KANGDANIEL,2021-2-15
릴카,2021-2-15
사건,2021-2-15
에버턴,2021-2-15
사러가면,2021-2-15
한국을,2021-2-15
2030대가,2021-2-15
ep23,2021-2-15
순간,2021-2-15
섬에,2021-2-15
사태,2021-2-15
SUB,2021-2-15
그알,2021-2-15
김준현,2021-2-15
할까요,2021-2-15
대반전,2021-2-15
기아,2021-2-15
크리에이터,2021-2-15
sooBingsoo,2021-2-15
쇼크에,2021-2-15
실제,2021-2-15
릴카,2021-2-15
식단,2021-2-15
멜로다큐,2021-2-15
하나를,2021-2-15
인기투표,2021-2-15
안정환,2021-2-15
임대아파트,2021-2-15
2가지,2021-2-15
위인들,2021-2-15
4K,2021-2-15
24시간동안,2021-2-15
무려20가지이상,2021-2-15
겨울,2021-2-15
스릴러툰,2021-2-15
남녀사이,2021-2-15
현실적인,2021-2-15
앉아보라고,2021-2-15
eng드디어,2021-2-15
게에서,2021-2-15
프로젝트,2021-2-15
위험신호,2021-2-15
아내의,2021-2-15
친구가능,2021-2-15
유튜버들이,2021-2-15
ㅋㅋ,2021-2-15
일레븐,2021-2-15
순간,2021-2-15
지금이라도,2021-2-15
박문성,2021-2-15
가릴,2021-2-15
쌍용,2021-2-15
10℃,2021-2-15
알고,2021-2-15
음식만,2021-2-15
현주엽이,2021-2-15
현대차,2021-2-15
최근,2021-2-15
ep23,2021-2-15
부장3부주식고등학교,2021-2-15
아닌,2021-2-15
솔직,2021-2-15
기시니,2021-2-15
싶은,2021-2-15
섬캠핑,2021-2-15
동영상,2021-2-15
마스크왕,2021-2-15
게임스탑GME,2021-2-15
김경은,2021-2-15
아동급식카드,2021-2-15
주호민,2021-2-15
KBS20150521,2021-2-15
정신없이,2021-2-15
스타일,2021-2-15
혼술법,2021-2-15
환장의,2021-2-15
티키타카와썹맨2,2021-2-15
샾잉,2021-2-15
강승구,2021-2-15
차돌,2021-2-15
The,2021-2-15
스톱모션,2021-2-15
모아가야,2021-2-15
New,2021-2-15
직후,2021-2-15
공개합니다,2021-2-15
Year,2021-2-15
누구,2021-2-15
방송,2021-2-15
전하의,2021-2-15
빠져,2021-2-15
부산에,2021-2-15
미선이네👩u200d🍳,2021-2-15
손흥민,2021-2-15
김민경이랑,2021-2-15
풍경,2021-2-15
Behavior,2021-2-15
것들,2021-2-15
9화❤,2021-2-15
도시의,2021-2-15
코스요리,2021-2-15
갑자기,2021-2-15
된장찌개,2021-2-15
인기,2021-2-15
침착맨,2021-2-15
게임,2021-2-15
SBSCatch,2021-2-15
보는,2021-2-15
찾아왔다,2021-2-15
생선,2021-2-15
킥스지기가,2021-2-15
그림자다큐시선,2021-2-15
재생,2021-2-15
승우아빠,2021-2-15
어몽어스를,2021-2-15
직감과,2021-2-15
김정현이,2021-2-15
승리,2021-2-15
레전드,2021-2-15
한국·중국·일본,2021-2-15
박수홍이,2021-2-15
eating,2021-2-15
사태,2021-2-15
생기는,2021-2-15
비하인드,2021-2-15
100세,2021-2-15
❤미스트롯2,2021-2-15
사랑노래,2021-2-15
났어,2021-2-15
CAT,2021-2-15
안첼로티,2021-2-15
Joy,2021-2-15
Qu0026A,2021-2-15
Movie,2021-2-15
아카데미,2021-2-15
홍게,2021-2-15
감동적인,2021-2-15
자동으로,2021-2-15
SHOW,2021-2-15
편할까,2021-2-15
Music,2021-2-15
210209,2021-2-15
ep24,2021-2-15
ㄷㄷ,2021-2-15
몰랐습니다,2021-2-15
지석진,2021-2-15
예능,2021-2-15
비행기에서,2021-2-15
갓잡은클립,2021-2-15
갈비,2021-2-15
Wifes,2021-2-15
섬에,2021-2-15
질문하는,2021-2-15
EN,2021-2-15
3대,2021-2-15
에버턴,2021-2-15
강다니엘KANGDANIEL,2021-2-15
맛있는,2021-2-15
노래,2021-2-15
수빙수의,2021-2-15
해부,2021-2-15
갇힌지,2021-2-15
필수,2021-2-15
아나운서의,2021-2-15
계급장,2021-2-15
360도,2021-2-15
210125,2021-2-15
VS,2021-2-15
행복하게,2021-2-15
전남편,2021-2-15
★최초,2021-2-15
펜트하우스2,2021-2-15
보고,2021-2-15
mukbang,2021-2-15
강타한,2021-2-15
경쟁률을,2021-2-15
극한캠핑,2021-2-15
세계에서,2021-2-15
뒤흔들,2021-2-15
카푸어,2021-2-15
전격,2021-2-15
동양의,2021-2-15
고양이,2021-2-15
삼성전자,2021-2-15
알게,2021-2-15
복수의,2021-2-15
맛있을까,2021-2-15
설날,2021-2-15
상상을,2021-2-15
계란짐,2021-2-15
성공한,2021-2-15
ENG✨설특집✨,2021-2-15
일본판,2021-2-15
레시피,2021-2-15
Ep2,2021-2-15
소고기찌개,2021-2-15
Episode1,2021-2-15
한국을,2021-2-15
알려주는,2021-2-15
Raise,2021-2-15
싫다,2021-2-15
조원희,2021-2-15
네이버,2021-2-15
Eng,2021-2-15
잃자,2021-2-15
Lets,2021-2-15
철인왕후,2021-2-15
단도직입적으로,2021-2-15
사람도,2021-2-15
고양이먹방,2021-2-15
탈탈,2021-2-15
비x일주어터,2021-2-15
사고났습니다,2021-2-15
이유,2021-2-15
김병현,2021-2-15
깜짝,2021-2-15
1편,2021-2-15
우럭따,2021-2-15
실력에,2021-2-15
병병병,2021-2-15
LILIs,2021-2-15
사심을,2021-2-15
BTS,2021-2-15
희망이,2021-2-15
유진X김소연,2021-2-15
떡갈비,2021-2-15
10수생의,2021-2-15
공개,2021-2-15
혼자,2021-2-15
US,2021-2-15
시험운명의,2021-2-15
Korea,2021-2-15
병맛노래,2021-2-15
총알받이가,2021-2-15
그알PD가,2021-2-15
시장을,2021-2-15
2월,2021-2-15
TV조선조이,2021-2-15
JFla,2021-2-15
FILM,2021-2-15
일이,2021-2-15
현주엽의,2021-2-15
일상,2021-2-15
대나무숲,2021-2-15
임신한,2021-2-15
u0026,2021-2-15
매치,2021-2-15
솔로캠핑,2021-2-15
보인,2021-2-15
술먹방,2021-2-15
10부,2021-2-15
엘튜브가,2021-2-15
개미와,2021-2-15
야구선수로,2021-2-15
재탄생🤣,2021-2-15
전세계를,2021-2-15
Card,2021-2-15
어몽어스,2021-2-15
2030대가,2021-2-15
박진영PD,2021-2-15
일본,2021-2-15
가오리등,2021-2-15
박은영,2021-2-15
11부,2021-2-15
【클린버전】,2021-2-15
그만,2021-2-15
갈까,2021-2-15
보지,2021-2-15
자학,2021-2-15
임신을,2021-2-15
EP03INFECTED,2021-2-15
You,2021-2-15
멀리,2021-2-15
19일,2021-2-15
있었던,2021-2-15
되는,2021-2-15
이렇게,2021-2-15
채운,2021-2-15
라이브로｜거북선,2021-2-15
korean,2021-2-15
화났어,2021-2-15
열고,2021-2-15
공이,2021-2-15
먹고,2021-2-15
Artists,2021-2-15
가라니까,2021-2-15
신🎬,2021-2-15
남편과,2021-2-15
주식,2021-2-15
직접,2021-2-15
소용,2021-2-15
당신이,2021-2-15
전개,2021-2-15
짓게,2021-2-15
FOOD,2021-2-15
결과✏️헬스장,2021-2-15
ENG,2021-2-15
Make,2021-2-15
출산기,2021-2-15
CHOSUN,2021-2-15
떼고,2021-2-15
진돗개가,2021-2-15
빛낸,2021-2-15
쳐묵고,2021-2-15
Up,2021-2-15
얼루어코리아,2021-2-15
목소리를,2021-2-15
By,2021-2-15
가장,2021-2-15
쪄봤습니다,2021-2-15
머거주엽,2021-2-15
무조건,2021-2-15
보니,2021-2-15
공개★하는,2021-2-15
알밖에,2021-2-15
간다면,2021-2-15
허구연,2021-2-15
직박구리,2021-2-15
오리지널,2021-2-15
테스트,2021-2-15
붙었습니다,2021-2-15
About,2021-2-15
눈물,2021-2-15
그랜저,2021-2-15
멤버분들과,2021-2-15
토트넘,2021-2-15
먹는,2021-2-15
촌스러운,2021-2-15
노답,2021-2-15
해보았습니다,2021-2-15
염승환,2021-2-15
네고왕2,2021-2-15
LG챔피언스파크,2021-2-15
놀라,2021-2-15
간절히,2021-2-15
경위의,2021-2-15
말도,2021-2-15
After,2021-2-15
엉또,2021-2-15
결과,2021-2-15
카카오,2021-2-15
애드리브,2021-2-15
가족,2021-2-15
한잔하기,2021-2-15
이상,2021-2-15
대참사,2021-2-15
VR좀비2SCP,2021-2-15
물어보살,2021-2-15
STOP,2021-2-15
show,2021-2-15
배우,2021-2-15
정호근무슨,2021-2-15
잡다,2021-2-15
TEASER,2021-2-15
370만,2021-2-15
미리보기,2021-2-15
요구만,2021-2-15
대결,2021-2-15
아니,2021-2-15
할명수,2021-2-15
3일차,2021-2-15
LEGO,2021-2-15
만난,2021-2-15
막방,2021-2-15
현대,2021-2-15
단축키,2021-2-15
사도,2021-2-15
방탄소년단,2021-2-15
없는,2021-2-15
ANIMATION,2021-2-15
철종♥,2021-2-15
나온다고요,2021-2-15
수원,2021-2-15
폭풍우,2021-2-15
곳은🚩,2021-2-15
Episode2,2021-2-15
사랑에,2021-2-15
일주일간,2021-2-15
연예인들은,2021-2-15
〈펜트하우스,2021-2-15
손님,2021-2-15
방법,2021-2-15
바보도,2021-2-15
비법,2021-2-15
His,2021-2-15
사러가면,2021-2-15
무엇이든,2021-2-15
일반인분들은,2021-2-15
집에,2021-2-15
오실줄은,2021-2-15
아직까지,2021-2-15
행동Husband,2021-2-15
연락,2021-2-15
야구,2021-2-15
고립,2021-2-15
타게,2021-2-15
청평의,2021-2-15
바뀌었습니다,2021-2-15
AMONG,2021-2-15
킬링벌스를,2021-2-15
첵스,2021-2-15
파맛,2021-2-15
헤지펀드의,2021-2-15
사람이,2021-2-15
반드시,2021-2-15
강남스타일,2021-2-15
프리미엄,2021-2-15
설특집,2021-2-15
남편늑대가,2021-2-15
감염된크루원,2021-2-15
도중,2021-2-15
MATE,2021-2-15
속에,2021-2-15
올해,2021-2-15
것일까,2021-2-15
향한,2021-2-15
40분,2021-2-15
일단은,2021-2-15
수빙수tv,2021-2-15
마지막회,2021-2-15
Pregnancy,2021-2-15
cover,2021-2-15
주식食,2021-2-15
by,2021-2-15
해설,2021-2-15
TV,2021-2-15
한국행,2021-2-15
아내,2021-2-15
vlog,2021-2-15
함께,2021-2-15
Finding,2021-2-15
ep29박준형갓세븐GOT7,2021-2-15
왔다,2021-2-15
TVCHOSUNJOY,2021-2-15
프로파일러,2021-2-15
끊어야,2021-2-15
택한,2021-2-15
시청철종은,2021-2-15
우리말,2021-2-15
Me,2021-2-15
흘러간,2021-2-15
뛰어넘는,2021-2-15
대광어,2021-2-15
시즌2〉,2021-2-15
EP120돌발상황촬영,2021-2-15
PARANOIA,2021-2-15
뜯고,2021-2-15
이나즈마,2021-2-15
서양,2021-2-15
자막,2021-2-15
질주하는,2021-2-15
겨루기,2021-2-15
시즌비시즌,2021-2-15
3국,2021-2-15
THE,2021-2-15
CREW,2021-2-15
경고,2021-2-15
사건,2021-2-15
유퀴즈온더블럭,2021-2-15
등록🏋️u200d♂️먹고,2021-2-15
ENCN,2021-2-15
사회의,2021-2-15
하는구나,2021-2-15
아파트로,2021-2-15
100명의,2021-2-15
알아차린,2021-2-15
KBS,2021-2-15
선공개,2021-2-15
축구,2021-2-15
판단력으로,2021-2-15
뚫고,2021-2-15
김태연,2021-2-15
제발,2021-2-15
수동으로,2021-2-15
짜장면,2021-2-15
피자왕,2021-2-15
2화,2021-2-15
학교,2021-2-15
모음📚반편성,2021-2-15
중고차,2021-2-15
바람길,2021-2-15
2021설날,2021-2-15
2개만,2021-2-15
3대측정,2021-2-15
주식들염승환,2021-2-15
식당에,2021-2-15
제한시간,2021-2-15
티저,2021-2-15
만남,2021-2-15
MOTION,2021-2-15
애니메이션,2021-2-15
간다,2021-2-15
9부,2021-2-15
털고,2021-2-15
밥묵자,2021-2-15
음식은,2021-2-15
Ep1,2021-2-15
이종범,2021-2-15
리뷰,2021-2-15
부장2부주식고등학교,2021-2-15
상담자와,2021-2-15
김강민선수와,2021-2-15
짤툰,2021-2-15
FA컵,2021-2-15
소련여자Soviet,2021-2-15
없다는,2021-2-15
Allure,2021-2-15
눈물을,2021-2-15
feat,2021-2-15
비가,2021-2-15
Out,2021-2-15
갔다가,2021-2-15
히밥,2021-2-15
주목해야,2021-2-15
살기,2021-2-15
아니에요염승환,2021-2-15
ㅠㅠ,2021-2-15
범죄심리학자,2021-2-15
10만,2021-2-15
도전먹방,2021-2-15
킥스온에어,2021-2-15
진짜,2021-2-15
1화,2021-2-15
XXkg,2021-2-15
길을,2021-2-15
Girl의,2021-2-15
레고,2021-2-15
대大전쟁,2021-2-15
일반,2021-2-15
못한,2021-2-15
무너지는가,2021-2-15
2차,2021-2-15
8회②,2021-2-15
현주엽,2021-2-15
시작,2021-2-15
EP08,2021-2-15
범죄,2021-2-15
스토리,2021-2-15
│말년을,2021-2-15
될까,2021-2-15
매일,2021-2-15
스케치,2021-2-15
장래,2021-2-15
만드는,2021-2-15
고령화,2021-2-15
런닝맨,2021-2-15
가난의,2021-2-15
지기표,2021-2-15
차를,2021-2-15
좋은,2021-2-15
가나,2021-2-15
SUB,2021-2-15
허벅지,2021-2-15
트롯전국대잔치,2021-2-15
생존캠핑,2021-2-15
되면,2021-2-15
Celebrity,2021-2-15
가져다주세요,2021-2-15
자동이,2021-2-15
광광,2021-2-15
현장,2021-2-15
용안이,2021-2-15
하는,2021-2-15
반백살X잭슨Jackson,2021-2-15
흘린,2021-2-15
하하,2021-2-15
야무지게,2021-2-15
주인이,2021-2-15
MV,2021-2-15
행동,2021-2-15
Kids,2021-2-15
들어온,2021-2-15
Wolfs,2021-2-15
YouTube,2021-2-15
에일리,2021-2-15
IU아이유,2021-2-15
동아시아,2021-2-15
210211,2021-2-15
for,2021-2-15
마피아,2021-2-15
100kg,2021-2-15
요요미,2021-2-15
개그맨,2021-2-15
20401의,2021-2-15
보여드립니다,2021-2-15
개인은,2021-2-15
동양,2021-2-15
어깨,2021-2-15
다이어트,2021-2-15
